
terezal@cmdik.pan.pl


Lech Borkowski , PNS - valid member,  University of Poznan , Umultowska 85 , Poznan  , Poland / PL , telephone: (48)618295067  

vedat.evren@ege.edu.tr


Filiz Hazer KARADAG , TNS - valid member,  Pamukkale Univ.  , Denizli  , Turkey / TR , telephone: 0-258-241-00-38  

Yesim SALIK , TNS - valid member,  9 Eylul University  , Izmir  , Turkey / TR , telephone: 90-232-4124919  

Murat Cetin RAGBETLI , TNS - valid member,  100.Yil Univ.  , Van  , Turkey / TR , telephone: 0.432. 216 47 06 / 1031  

Tunay SARPEL , TNS - valid member  , Adana  , Turkey / TR , telephone: 0.322. 338 60 60  

Asli N. CAMDAN , TNS - valid member,  Osmangazi Univ.  , Eskisehir  , Turkey / TR , telephone: 0.222. 239 37 50 / 128  

Hale SAYBASILI , TNS - valid member,  Bogazici Univ.  , Istanbul  , Turkey / TR , telephone: 0-212-2631540/1438  

Nezih OKTAR , TNS - valid member  , Izmir  , Turkey / TR , telephone: 0.232. 388 19 20 / 3381  

Tayfun GULER , TNS - valid member,  Cukurova Univ.  , Adana  , Turkey / TR , telephone: 0-322-338-67-42  

Eren DEMIRTAS , TNS - valid member  , Izmir  , Turkey / TR , telephone: 0.232. 388 10 25  

Umit SAYIN , TNS - valid member  , WI  , USA / US , telephone: (608) 256 19 01 / 7891  

Kaan KATIRCIOGLU , TNS - valid member  , Izmir  , Turkey / TR , telephone: 0.232. 243 43 43  

Salim Yalcin INAN , TNS - valid member,  Cukurova Univ.  , Adana  , Turkey / TR , telephone: 0-322-338-60-60/3451/3239  

Kemal BAYULKEM , TNS - valid member  , Aydin  , Turkey / TR , telephone: 0.256. 212 18 50  

Mehmet CALISKAN , TNS - valid member  , Izmir  , Turkey / TR , telephone: 0.232. 2777777 / 4430  

Ozlem OZCAN , TNS - valid member  , Izmir  , Turkey / TR , telephone: 0.232. 259 59 59 / 4185  

Enver MALIKOV , TNS - valid member,  Cukurova Univ.  , Adana  , Turkey / TR , telephone: 0-322-338-68-47  

Sibel K. VELIOGLU , TNS - valid member,  Karadeniz Teknik Univ.  , Trabzon  , Turkey / TR , telephone: 0.462. 325 30 11  

Isik TUGLULAR , TNS - valid member  , Izmir  , Turkey / TR , telephone: 0.232. 388 19 20 / 3299  

M.Arif ALADAG , TNS - valid member  , Malatya  , Turkey / TR , telephone: 0.422.323 95 98  

M.Kursat KUTLUK , TNS - valid member  , Izmir  , Turkey / TR , telephone: 0.232. 259 59 59 /  4055  

Kerem T. OZGUNEN , TNS - valid member,  Cukurova Univ.  , Adana  , Turkey / TR , telephone: 0-322-338-68-47  

M.Cagatay TASKAPAN , TNS - valid member  , Diyarbakir  , Turkey / TR , telephone: 0.412. 248 80 01 / 399  

Ozlem BOZDAG , TNS - valid member,  Hacettepe Univ.  , Ankara  , Turkey / TR , telephone: 0.312. 324 54 68  

Nilufer KARAMAN , TNS - valid member,  Uludag Univ.  , Izmir  , Turkey / TR , telephone: 2244428344  

Hasan MIRZAI , TNS - valid member,  Ege Univ.  , Izmir  , Turkey / TR , telephone: 0.232. 388 19 20 / 3385  

Suleyman ILHAN , TNS - valid member,  Selcuk Univ.  , Konya  , Turkey / TR , telephone: 0.332. 323 26 00  

Safinaz YILDIZ ALBAYRAK , TNS - valid member,  Istanbul Univ.  , Istanbul  , Turkey / TR , telephone: 0.212. 635 11 88  

Nurdan KIRIMLIOGLU , TNS - valid member,  Osmangazi Univ.  , Eskisehir  , Turkey / TR , telephone: 0.222. 239 37 50  / 266  

Seval KORKMAZ , TNS - valid member,  Osmangazi Univ.  , Eskisehir  , Turkey / TR , telephone: 0-222-239-37-50  

Ayfer ULKU , TNS - valid member,  Ege Univ.  , Izmir  , Turkey / TR , telephone: 0.232. 388 09 80  

Mahmut Konuralp ILBAY , TNS - valid member,  Kocaeli Univ.  , Izmit  , Turkey / TR , telephone: 0-262-233-59-80  

A. Cem BAYRAM , TNS - valid member  , Manisa  , Turkey / TR , telephone: 0.236. 237 57 47  

Yilmaz KABAKKAYA , TNS - valid member,  Celal Bayar Univ.  , Manisa  , Turkey / TR , telephone: 0.236. 234 90 70  

Ruya (ALTAN) FILIZ , TNS - valid member,  Suleyman Demirel Univ.  , Isparta  , Turkey / TR , telephone: 0.246. 232 66 57  

Gunfer TURGUT , TNS - valid member,  Pamukkale Univ.  , Denizli  , Turkey / TR , telephone: 0-258-266-30-60/137  

Hasan DIN , TNS - valid member,  Osmangazi Univ.  , Eskisehir  , Turkey / TR , telephone: 0.222. 239 37 50 / 262  

Fugen AKER VARDAR , TNS - valid member,  Haydarpasa Numune Hast.  , Istanbul  , Turkey / TR , telephone: 0.216. 345 46 80 / 1281  

Ummuhan ISOGLU ALKAC , TNS - valid member  , Istanbul  , Turkey / TR , telephone: 0.212. 533 94 68  

Nuran GOKHAN , TNS - valid member  , Istanbul  , Turkey / TR , telephone: 0.212.533 94 68  

H. Zahide ELAR , TNS - valid member  , Izmir  , Turkey / TR , telephone: 0.232. 388 28 58  

Sibel ULKER , TNS - valid member  , Izmir  , Turkey / TR , telephone: 0.232. 388 28 62  

Oktay AKALIN , TNS - valid member,  Pamukkale Univ.  , Denizli  , Turkey / TR , telephone: 0-258-241-00-34  

Taskin YURTSEVEN , TNS - valid member  , Izmir  , Turkey / TR , telephone: 0.232. 388 32 40  

R.Nesrin DEMIRTAS , TNS - valid member,  Osmangazi Univ.  , Eskisehir  , Turkey / TR , telephone: 0-222-239-29-79  

Akin ISCAN , TNS - valid member,  Celal Bayar Univ.  , Manisa  , Turkey / TR , telephone: 0.236.232 31 33  

Tulay KURT , TNS - valid member,  Pamukkale Univ.  , Denizli  , Turkey / TR , telephone: 0-258-241-00-34/197  

Tuba DEMIR , TNS - valid member,  Osmangazi Univ.  , Eskisehir  , Turkey / TR , telephone: 0-222-239-37-50  

Nurselen TOYGAR , TNS - valid member,  E.U.Dis Hekimligi  , Izmir  , Turkey / TR , telephone: 0.232. 300 01 10 / 2885  

Oguz ALGAN , TNS - valid member  , Izmir  , Turkey / TR , telephone: 0.232.388 28 68  /  0.232.388 19 20/33 21  

Semih OZ , TNS - valid member,  Osmangazi Univ.  , Eskisehir  , Turkey / TR , telephone: 0 222 239 37 50 / 138  

Tijen TANYALCIN , TNS - valid member  , Izmir  , Turkey / TR , telephone: 0.232. 388 19 20 / 3691  

Erol BARCIN , TNS - valid member  , Izmir  , Turkey / TR , telephone: 0.232. 388 19 20 / 3385  

Serdar Haldun ERDEN , TNS - valid member,  Osmangazi Univ.  , Eskisehir  , Turkey / TR , telephone: 0.222. 239 37 50 / 224  

Ahmet KOYU , TNS - valid member,  Suleyman Demirel Univ.  , Isparta  , Turkey / TR , telephone: 0.246. 232 66 57  

Mustafa YILDIZ , TNS - valid member  , Isparta  , Turkey / TR , telephone: 0.246. 218 44 88  

Osman OZDEL , TNS - valid member,  Pamukkale Univ.  , Denizli  , Turkey / TR , telephone: 0-258-241-00-38  

H Erdem AK , TNS - valid member  , Diyarbakir  , Turkey / TR , telephone: 0.412. 248 82 97  

Tahsin Murad AKTAN , TNS - valid member,  Celal Bayar Univ.  , Manisa  , Turkey / TR , telephone: 0.236. 232 31 33  

Omer Sezgin ASIM , TNS - valid member  , Hatay  , Turkey / TR , telephone: 0.891 11 503  

Galip AKHAN , TNS - valid member  , Isparta  , Turkey / TR , telephone: 0.246. 232 66 57  

Bulent Oguz GENC , TNS - valid member,  Selcuk Univ.  , Konya  , Turkey / TR , telephone: 0.332. 323 26 00  

Erhan OGUL , TNS - valid member  , Bursa  , Turkey / TR , telephone: 0.224. 442 84 00 / 1158  

Sevdiye CAVUSOGLU , TNS - valid member  , Izmir  , Turkey / TR , telephone: 0.232.388 01 10 / 3986  

M. Kemal AKTAN , TNS - valid member  , Konya  , Turkey / TR , telephone: 0.332. 232 01 30  

Suleyman DASDAG , TNS - valid member  , Diyarbakir  , Turkey / TR , telephone: 0.412. 248 80 01  

Sadettin CALISKAN , TNS - valid member,  Suleyman Demirel Univ.  , Isparta  , Turkey / TR , telephone: 0.246. 232 66 57  

Ilhami DEMIREL , TNS - valid member,  Selcuk Univ.  , Konya  , Turkey / TR , telephone: 0. 323 26 00 /1653  

Banu TAVAT , TNS - valid member  , Ankara  , Turkey / TR , telephone: 0.312. 235 25 00 / 1560  

Hayri T. OZBEK , TNS - valid member,  Cukurova Univ.  , Adana  , Turkey / TR , telephone: 0-322-338-67-42  

Yasemin GUNES , TNS - valid member,  Cukurova Univ.  , Adana  , Turkey / TR , telephone: 0-322-338-67-42  

Ilknur AK , TNS - valid member,  Osmangazi Univ.  , Eskisehir  , Turkey / TR , telephone: 0.222. 239 29 79 / 4062  

Adnan CEVIZ , TNS - valid member  , Diyarbakir  , Turkey / TR , telephone: 0.412. 248 82 97  

Asude ATA , TNS - valid member,  Osmangazi Univ.  , Eskisehir  , Turkey / TR , telephone: 0-222-239-29-79  

Ozgur IDE KARACAM , TNS - valid member,  Ege Univ.  , Izmir  , Turkey / TR , telephone: 0.232. 388 10 90 / 184  

Hulusi CINAR , TNS - valid member  , Izmir  , Turkey / TR , telephone: 0.232. 259 59 59 / 4460  

Ilgaz AKDOGAN , TNS - valid member,  Pamukkale Univ.  , Denizli  , Turkey / TR , telephone: 0-258-213-29-45  

Ilhami UNLUOGLU , TNS - valid member,  Osmangazi Univ.  , Eskisehir  , Turkey / TR , telephone: 0-222-239-37-73  

Serap BAYSAN AKIN , TNS - valid member  , Istanbul  , Turkey / TR , telephone: 0.216. 349 28 16  

Gorsev G. YENER , TNS - valid member,  Dokuz Eylul Univ.  , Izmir  , Turkey / TR , telephone: 0-232-259-59-59/4080  

M.Yavuz DIZDAR , TNS - valid member  , Istanbul  , Turkey / TR , telephone: 0.212. 523 34 80  

Mehmet Erdal COSKUN , TNS - valid member  , Denizli  , Turkey / TR , telephone: 0.258. 266 30 45  

Ali Riza TOSUN , TNS - valid member  , Izmir  , Turkey / TR , telephone: 0.232. 388 19 20 / 3385  

Hakki UNLUGENC , TNS - valid member,  Cukurova Univ.  , Adana  , Turkey / TR , telephone: 0-322-338-67-42  

Ali OZEREN , TNS - valid member  , Adana  , Turkey / TR , telephone: 0.322. 338 62 91  

Haluk DULGER , TNS - valid member  , Istanbul  , Turkey / TR , telephone: 0.212. 533 94 68  

Varol SAHINTURK , TNS - valid member,  Osmangazi Univ.  , Eskisehir  , Turkey / TR , telephone: 0.222. 239 37 50 / 138  

Suleyman ILKER , TNS - valid member,  Celal Bayar Univ.  , Manisa  , Turkey / TR , telephone: 0.236.232 31 33  

Hakki DALCIK , TNS - valid member,  Kocaeli Univ.  , Izmit  , Turkey / TR , telephone: 0-262-233-54-74  

Ilhan GULTEKIN , TNS - valid member,  Cukurova Univ.  , Adana  , Turkey / TR , telephone: 0.322. 338 60 60 / 3240  

Peyman ALTAN , TNS - valid member  , Ankara  , Turkey / TR , telephone: 0.312. 310 30 10  

Gazi OZDEMIR , TNS - valid member  , Eskisehir  , Turkey / TR , telephone: 0.222.239 37 50  

Figen GOVSA , TNS - valid member,  Ege Univ.  , Izmir  , Turkey / TR , telephone: 0.232. 388 10 98  

Gulriz MENTES , TNS - valid member  , Izmir  , Turkey / TR , telephone: 0.232. 388 10 96  

Hayal OZKILIC , TNS - valid member,  Ege Univ.  , Izmir  , Turkey / TR , telephone: 0.232. 388 98 40  

Serap AKGUR , TNS - valid member  , Izmir  , Turkey / TR , telephone: 0.232. 388 28 62  

Onur KILICOGLU UYSAL , TNS - valid member,  Osmangazi Univ.  , Eskisehir  , Turkey / TR , telephone: 0.222. 239 37 50 / 138  

Z. Asli AKTAN , TNS - valid member  , Izmir  , Turkey / TR , telephone: 0.232. 388 10 98  

Goncagul HAKLAR , TNS - valid member,  Marmara Univ.  , Istanbul  , Turkey / TR , telephone: 0-216-4144733  

Sirel KARAKAS , TNS - valid member  , Ankara  , Turkey / TR , telephone: 0.312. 235 25 00 / 1479  

Can YARDIMCI , TNS - valid member  , Antalya  , Turkey / TR , telephone: 0.242. 334 83 83  

Mehmet YUNCU , TNS - valid member,  Celal Bayar Univ.  , Manisa  , Turkey / TR , telephone: 0.236. 237 64 46  

Renan Salih CORA , TNS - valid member  , Isparta  , Turkey / TR , telephone: 0.246. 218 38 72  

Orhan DEMIR , TNS - valid member,  Selcuk Univ.  , Konya  , Turkey / TR , telephone: 0.332. 323 26 00  

Levent Sinan BIR , TNS - valid member,  Pamukkale Univ.  , Denizli  , Turkey / TR , telephone: 0-258-241-00-37/197  

Ugur OZKUTLU , TNS - valid member  , Istanbul  , Turkey / TR , telephone: 0.216. 414 47 36  

Berrin Erdem OKUR , TNS - valid member  , Izmir  , Turkey / TR , telephone: 0.232. 388 28 68  

Tulga KALAYCI , TNS - valid member  , Izmir  , Turkey / TR , telephone: 0.232.388 28 68  /  0.232.388 19 20/33 21  

Sukru TORUN , TNS - valid member  , Eskisehir  , Turkey / TR , telephone: 0.222. 239 37 50 / 198  

Nilgun KURU , TNS - valid member,  Cumhuriyet Univ.  , SIVAS  , Turkey / TR , telephone: 0346 219 10 10/1203  

Cetin Hakan KARADAG , TNS - valid member  , Edirne  , Turkey / TR , telephone: 0.284. 235 76 42/ 1332  

Osman ACIKGOZ , TNS - valid member  , Izmir  , Turkey / TR , telephone: 0.232. 277 77 77 / 4470  

Sema OZTURK , TNS - valid member,  Ataturk Egit. Hast.  , Izmir  , Turkey / TR , telephone: 2322444444  

Fatma CALISKAN TORE , TNS - valid member,  Osmangazi Univ.  , Eskisehir  , Turkey / TR , telephone: 0.222. 239 37 50  

Tamer COSKUN , TNS - valid member  , Istanbul  , Turkey / TR , telephone: 0.216. 414 47 36  

Tamer DEMIRALP , TNS - valid member  , Istanbul  , Turkey / TR , telephone: 0.212. 533 94 68  

Ahmet KAYA , TNS - valid member,  Selcuk Univ.  , Konya  , Turkey / TR , telephone: 0.332. 323 26 00/ 1629  

Bekir Sami UYANIK , TNS - valid member,  Celal Bayar Univ.  , Manisa  , Turkey / TR , telephone: 0.236.237 64 49  

Sahsine TOLUNAY , TNS - valid member  , Bursa  , Turkey / TR , telephone: 0.224. 442 80 06  

Levent KABASAKAL , TNS - valid member,  Marmara Univ.  , Istanbul  , Turkey / TR , telephone: 0.216. 414 29 62  

Mutlu KUCUK , TNS - valid member  , Istanbul  , Turkey / TR , telephone: 0.212. 524 32 50  

Haci KAYMAZ , TNS - valid member,  Suleyman Demirel Univ.  , Isparta  , Turkey / TR , telephone: 0. 246. 232 66 59  

Anis ARIBOGAN , TNS - valid member,  Cukurova Univ.  , Adana  , Turkey / TR , telephone: 0-322-338-67-42  

Semih ESIN , TNS - valid member  , Istanbul  , Turkey / TR , telephone: 0.212. 533 94 68  

Nurullah YUCEER , TNS - valid member,  100.Yil Univ.  , Van  , Turkey / TR , telephone: 0.432. 216 47 07 /1018  

Senol DANE , TNS - valid member  , Erzurum  , Turkey / TR , telephone: 0.422. 233 11 22  

Gokcen YAZ , TNS - valid member,  Osmangazi Univ.  , Eskisehir  , Turkey / TR , telephone: 0-222-239-29-79/2449  

Halit KARACA , TNS - valid member,  Suleyman Demirel Univ.  , Isparta  , Turkey / TR , telephone: 0.246. 232 66 57  

Hasan AKMAN , TNS - valid member,  Cukurova Univ.  , Adana  , Turkey / TR , telephone: 0-322-338-67-42  

Necip KOYLU , TNS - valid member  , Isparta  , Turkey / TR , telephone: 0.246. 218 15 26  

Z. Oya UYGUNER , TNS - valid member  , Istanbul  , Turkey / TR , telephone: 0.212. 623 19 66  

Sevinc AKTAN , TNS - valid member  , Istanbul  , Turkey / TR , telephone: 0.216. 326 65 55  

Aslihan BUYUKOZTURK , TNS - valid member  , Izmir  , Turkey / TR , telephone: 0.232. 388 19 20 / 3139  

Yasemin BASKIN , TNS - valid member  , Izmir  , Turkey / TR , telephone: 0.232. 2777777 / 4420  

Nur YUCEYAR , TNS - valid member,  Ege University  , Izmir  , Turkey / TR   

Sule GOK , TNS - valid member  , Aydin  , Turkey / TR , telephone: 0.256. 237 64 47  

Mehmet TURGUT , TNS - valid member,  Adnan Mend. Univ.  , Aydin  , Turkey / TR , telephone: 0.256. 212 18 50  

Cem SUER , TNS - valid member,  Erciyes Univ.  , Kayseri  , Turkey / TR , telephone: 0-352-437-49-37/1268-1244  

Mehmet CAY , TNS - valid member  , Elazig  , Turkey / TR , telephone: 0.424. 212 85 00 / 3234  

Hasan SENOL , TNS - valid member  , Isparta  , Turkey / TR , telephone: 0.246. 218 44 88  

Biltan ERSOZ , TNS - valid member  , Izmir  , Turkey / TR , telephone: 0.232. 388 10 96  

Tuncay CINAR , TNS - valid member,  Osmangazi Univ.  , Eskisehir  , Turkey / TR , telephone: 0.222. 239 37 50 / 262  

M. Ilgi SEMIN , TNS - valid member  , Izmir  , Turkey / TR , telephone: 0.232. 2777777 / 4480  

Metin ATASAY , TNS - valid member  , Eskisehir  , Turkey / TR , telephone: 0.222. 239 29 79 / 7185  

Yurdal TOPSEVER , TNS - valid member  , Izmir  , Turkey / TR , telephone: 0.232. 388 01 10 /3936  

Ramazan YIGITOGLU , TNS - valid member,  Celal Bayar Univ.  , Manisa  , Turkey / TR , telephone: 0.236.232 31 33  

H.Basar SAVACI , TNS - valid member  , Izmir  , Turkey / TR , telephone: 0-232-484-12-30/232  

Cengizhan OZTURK , TNS - valid member  , Istanbul  , Turkey / TR , telephone: 0.212. 586 15 23  

Erdal KALKAN , TNS - valid member,  Suleyman Demirel Univ.  , Isparta  , Turkey / TR , telephone: 0.246. 232 66 57 / 179  

Hatice KAFADAR , TNS - valid member,  Hacettepe Univ.  , Ankara  , Turkey / TR , telephone: 0-312-235-25-00/1629  

Nesrin SOYMAN , TNS - valid member,  Osmangazi Univ.  , Eskisehir  , Turkey / TR , telephone: 0.222. 239 29 79 / 4062  

Simavi VAHIP , TNS - valid member  , Izmir  , Turkey / TR , telephone: 0.232. 388 19 20 / 3402  

Ergul ERCEL , TNS - valid member,  Firat Univ.  , Elazig  , Turkey / TR , telephone: 0.424. 212 85 00 / 3278  

Onur KILICOGLU DUYGU , TNS - valid member,  Ege Univ.  , IZMIR  , Turkey / TR , telephone: GSM 0 505 648 77 75  

Dikmen DOKMECi , TNS - valid member  , Edirne  , Turkey / TR , telephone: 0.284. 235 75 43 / 1279  

Nuran I. HARIRI , TNS - valid member  , Izmir  , Turkey / TR , telephone: 0.232.388 28 68   /   0.232.388 19 20/3321  

Hadi OZER , TNS - valid member  , Izmir  , Turkey / TR , telephone: 0.232.464 43 44  

Birol SAHIN , TNS - valid member  , Isparta  , Turkey / TR , telephone: 0.246. 218 14 69  

Yasar Gurhun TEKELI , TNS - valid member  , Izmir  , Turkey / TR , telephone: 0.232. 388 19 20 / 3385  

Yurdanur AKGUN , TNS - valid member,  Osmangazi Univ.  , Eskisehir  , Turkey / TR , telephone: 0-222-239-29-79  

Bunyamin SAHIN , TNS - valid member,  19 Mayis Univ.  , Samsun  , Turkey / TR , telephone: 0.362. 457. 60 00 / 2262  

Duygu KOYUNCU , TNS - valid member,  Osmangazi Univ.  , Eskisehir  , Turkey / TR , telephone: 0.222. 239 37 50 / 138  

Uner TAN , TNS - valid member,  Cukurova Univ.  , Adana  , Turkey / TR   

Sule AKIN , TNS - valid member,  Cukurova Univ.  , Adana  , Turkey / TR , telephone: 0-322-338-67-42  

Koksal ALPTEKIN , TNS - valid member,  Dokuz Eylul Univ.  , Izmir  , Turkey / TR , telephone: 0.232. 259 59 59 / 4157  

Berna A. YILMAZ , TNS - valid member,  Ege Univ.  , Izmir  , Turkey / TR , telephone: 0.232. 388 19 20  

Bilgen TANELI , TNS - valid member  , Bursa  , Turkey / TR , telephone: 0.224. 442 84 00 / 1081  

Meral ASCIOGSU , TNS - valid member  , Kayseri  , Turkey / TR , telephone: 0.352. 437 49 38  

Melda YARDIMCIOGLU , TNS - valid member,  Kocaeli Univ.  , Izmit  , Turkey / TR , telephone: 0-262-233-54-74  

Zeliha UNLU , TNS - valid member,  Celal Bayar Univ.  , Manisa  , Turkey / TR , telephone: 0.236. 234 90 70  

Berrin AKTEKIN , TNS - valid member,  Akdeniz Univ.  , Antalya  , Turkey / TR , telephone: 0-242-3325800/236  

Abdulbaki TURKOGLU , TNS - valid member  , Elazig  , Turkey / TR , telephone: 0.424. 212 85 00 / 3278  

Ugur Secil BINOKAY , TNS - valid member  , Adana  , Turkey / TR , telephone: 0.322. 338 60 60  

Firdevs Banu CAN , TNS - valid member,  E.U.Hemsirelik Y.O.  , Izmir  , Turkey / TR , telephone: 2323434343  

Murat Vehbi GULMEN , TNS - valid member  , Izmir  , Turkey / TR   

Ahmet ANGI , TNS - valid member  , Isparta  , Turkey / TR , telephone: 0.246. 212 05 00  

Serdar TARHAN , TNS - valid member,  Celal Bayar Univ.  , Manisa  , Turkey / TR , telephone: 0.236. 232 31 32  

Fatma Z. KUTAY , TNS - valid member  , Izmir  , Turkey / TR , telephone: 0.232.388 19 20  / 3691  

Ahmet ULUGOL , TNS - valid member  , Edirne  , Turkey / TR , telephone: 0.284. 235 76 42  

Nejat TOPCUOGLU , TNS - valid member  , Izmir  , Turkey / TR , telephone: 0.232. 388 19 20 / 3460  

Fazilet AKSU , TNS - valid member,  Cukurova Univ.  , Adana  , Turkey / TR , telephone: 0.322. 338 60 60 / 3239  

E. Seyda KOZCU , TNS - valid member  , Izmir  , Turkey / TR , telephone: 0.232.388.01.10  / 3971  

Sedat CAGLI , TNS - valid member,  Ege Univ.  , Izmir  , Turkey / TR , telephone: 2323903380  

Serap ACAR , TNS - valid member,  9 Eylul University  , Izmir  , Turkey / TR , telephone: 90-232-4124919  

Gunay ERENOGLU , TNS - valid member,  Osmangazi Univ.  , Eskisehir  , Turkey / TR , telephone: 0.222. 239 37 50 / 177  

Fahriye Emel EKSIOGLU , TNS - valid member,  Firat Univ.  , Elazig  , Turkey / TR , telephone: 0.424. 212 85 00 / 3278  

Nevzat MAZMANOGLU , TNS - valid member,  Cukurova Univ.  , Adana  , Turkey / TR , telephone: 0-322-338-68-47  

Aydin SAV , TNS - valid member,  Marmara Univ.  , Istanbul  , Turkey / TR , telephone: 0.216. 305 79 61  

Lamia PINAR YANICOGLU , TNS - valid member  , Ankara  , Turkey / TR , telephone: 0.312. 212 81 28 / 111  

Sevim KARATAS , TNS - valid member,  Osmangazi Univ.  , Eskisehir  , Turkey / TR , telephone: 0.222. 239 29 79 / 192  

Sezen KOSAY , TNS - valid member  , Izmir  , Turkey / TR , telephone: 0.232.388 19 20/ 3370  

Nezihi EREN , TNS - valid member,  Suleyman Demirel Univ.  , Isparta  , Turkey / TR , telephone: 0.246. 232 66 57/ 58  

Berrak Caglayan YEGEN , TNS - valid member  , Istanbul  , Turkey / TR , telephone: 0.216. 337 31 25  

Cigdem BOLAT , TNS - valid member,  Ozel  , Izmir  , Turkey / TR , telephone: 2324220386  

Suleyman KAPLAN , TNS - valid member,  19 Mayis Univ.  , Samsun  , Turkey / TR , telephone: 0. 362. 457.60.00  

Aysegul FISILOGLU , TNS - valid member  , Ankara  , Turkey / TR , telephone: 0.312. 210 10 00 /3185  

Ayse VERAL , TNS - valid member,  Ege Univ.  , Izmir  , Turkey / TR , telephone: 0.232. 388 1920- 3683  

Aysegul OZERDEM , TNS - valid member  , Izmir  , Turkey / TR , telephone: 0.232. 259 59 59 / 4150  

Y.Ziya ZIYLAN , TNS - valid member,  Istanbul Univ.  , Istanbul  , Turkey / TR , telephone: 0-212-635-11-88  

Erhan NALCALI , TNS - valid member  , Ankara  , Turkey / TR , telephone: 0.312. 310 30 10 /354  

Soner YAYCIOGLU , TNS - valid member  , Izmir  , Turkey / TR , telephone: 0.232. 388 19 20 / 3385  

Ilgaz AKDOGAN , TNS - valid member,  Pamukkale Univ.  , Denizli  , Turkey / TR , telephone: 0258 213 40 30/1388  

Mehmet CERCI , TNS - valid member,  Celal Bayar Univ.  , Manisa  , Turkey / TR , telephone: 0.236.232 31 33  

Tuncay ALTUG , TNS - valid member  , Istanbul  , Turkey / TR , telephone: 0.212. 534 66 22  

Ahmet DAGTEKIN , TNS - valid member,  Suleyman Demirel Univ.  , Isparta  , Turkey / TR , telephone: 0.246. 232 66 57/233/112  

Tahir Kurtulus YOLDAS , TNS - valid member  , Manisa  , Turkey / TR , telephone: 0.236. 237 64 49  

Tolga UZ , TNS - valid member  , Izmir  , Turkey / TR , telephone: 0.232. 388 28 68  

Vildan GURBUZ , TNS - valid member,  Yeditepe Univ.  , Istanbul  , Turkey / TR , telephone: 0-216-327-64-70  

Eyup GULBANDILAR , TNS - valid member,  Osmangazi Univ.  , Eskisehir  , Turkey / TR , telephone: 0.222. 239 37 50 / 177  

Suheda OZBEN , TNS - valid member,  Dokuz Eylul Univ.  , Izmir  , Turkey / TR , telephone: 0-232-420-48-82/1627  

Nurettin LULECI , TNS - valid member,  Celal Bayar Univ.  , Manisa  , Turkey / TR , telephone: 0.236. 232 31 33  

Bilgi PARLAK , TNS - valid member,  Dokuz Eylul Univ.  , Izmir  , Turkey / TR , telephone: 2322778714  

Mustafa ERTAS , TNS - valid member  , Izmir  , Turkey / TR , telephone: 0.232. 388 09 80  

Suayip CIRAK , TNS - valid member  , Isparta  , Turkey / TR , telephone: 0.246. 218 56 10  

Sukrucan Hasan BAYTAN , TNS - valid member,  Karadeniz Teknik Univ.  , Trabzon  , Turkey / TR , telephone: 0-462-377-55-23  

Hasan Rifat KOYUNCUOGLU , TNS - valid member,  Suleyman Demirel Univ.  , Isparta  , Turkey / TR , telephone: 0.246. 232 66 57  

Emre ENTOK , TNS - valid member,  Osmangazi Univ.  , Eskisehir  , Turkey / TR , telephone: 0-222-239-29-79  

Emel KAYMAK , TNS - valid member  , Izmir  , Turkey / TR , telephone: 0.232. 243 43 43  

Lutfi CAKAR , TNS - valid member  , Istanbul  , Turkey / TR , telephone: 0.212. 586 15 23  

Behice YUCEL , TNS - valid member,  Cukurova Univ.  , Adana  , Turkey / TR , telephone: 0-322-338-65-30  

Mesut AKSAKAL , TNS - valid member  , Elazig  , Turkey / TR , telephone: 0.424. 212 85 00 / 3234  

Ahmet MEMIS , TNS - valid member  , Izmir  , Turkey / TR , telephone: 0.232.388 13 90  

Ewa DOGRU , TNS - valid member  , Ankara  , Turkey / TR , telephone: 0.312.210 10 10  

Turan ORNEK , TNS - valid member  , Izmir  , Turkey / TR , telephone: 0.232. 421 28 39  

Kemal S. TURKER , TNS - valid member  , S.A.  , Australia / AU , telephone: 61.8. 303 53 11  

Niyazi Nefi KARA , TNS - valid member,  Suleyman Demirel Univ.  , Isparta  , Turkey / TR , telephone: 0.246. 232 66 57  

Firdevs GURER , TNS - valid member  , Eskisehir  , Turkey / TR , telephone: 0.222. 239 37 50  / 141  

Ahmet AKGUN , TNS - valid member,  Karadeniz Tek. Univ.  , Trabzon  , Turkey / TR , telephone: 0.462. 325 30 11/307  

Zeki ARI , TNS - valid member,  Celal Bayar Univ.  , Manisa  , Turkey / TR , telephone: 0.236. 237 64 49  

Ayhan SOYGAR , TNS - valid member  , Istanbul  , Turkey / TR , telephone: 0.212. 586 15 73  

Ayten SOLAK , TNS - valid member,  Osmangazi Univ.  , Eskisehir  , Turkey / TR , telephone: 0-222-239-37-50/305  

A. Cuneyt OZAKAY , TNS - valid member  , Detroit  , USA / US , telephone: 313. 577 13 44  

H. Murat TAN , TNS - valid member,  Isparta Devlet Hast.  , Isparta  , Turkey / TR , telephone: 0.246. 218 56 10  

Alpaslan YILMAZ , TNS - valid member,  Erciyes Univ.  , Kayseri  , Turkey / TR , telephone: 0-352-437-49-37/1268-1244  

Elif GUZELBAG , TNS - valid member,  Cukurova Univ.  , Adana  , Turkey / TR , telephone: 3223386847  

Huseyin BASKIN , TNS - valid member,  Dokuz Eylul Univ.  , Izmir  , Turkey / TR , telephone: 0.232. 259 59 59  

Murat ERCAKIR , TNS - valid member,  Osmangazi Univ.  , Eskisehir  , Turkey / TR , telephone: 0.222. 239 37 50 / 109  

Ali ARSLANTAS , TNS - valid member,  Osmangazi Univ.  , Eskisehir  , Turkey / TR , telephone: 0-222-239-29-79  

Ibrahim AYDOGDU , TNS - valid member,  Ege University  , Izmir  , Turkey / TR   

Elif GUZELBAG , TNS - valid member  , Izmir  , Turkey / TR , telephone: 0.232. 388 19 20 / 3385  

Ceyhan KUTLU , TNS - valid member,  Osmangazi Univ.  , Eskisehir  , Turkey / TR , telephone: 0-222-239-29-79  

Dogan KARAN , TNS - valid member  , Izmir  , Turkey / TR , telephone: 0.232.259 59 59  

Tuncay OZGUNEN , TNS - valid member,  Cukurova Univ.  , Adana  , Turkey / TR , telephone: 0-322-338-68-47  

Turgay ISBIR , TNS - valid member  , Adana  , Turkey / TR , telephone: 0.322. 338 62 86  

Giyasettin BAYDAS , TNS - valid member  , Elazig  , Turkey / TR , telephone: 0.424. 212 85 00  

Onder AKYUREKLI , TNS - valid member  , Izmir  , Turkey / TR , telephone: 0.232. 388 19 20  

Askin KARADAYI , TNS - valid member  , Adana  , Turkey / TR , telephone: 0.322. 338 60 60  

Mehmet MESHUR , TNS - valid member,  Celal Bayar Univ.  , Manisa  , Turkey / TR , telephone: 0.236 232 31 33  

Ozlem YILMAZ , TNS - valid member  , Izmir  , Turkey / TR , telephone: 0.232. 388 28 68  

Omur (Sayligil) ELCIOGLU , TNS - valid member,  Osmangazi Univ.  , Eskisehir  , Turkey / TR , telephone: 0.222. 239 37 50  / 266  

Gulsen AYDIN , TNS - valid member,  Suleyman Demirel Univ.  , Isparta  , Turkey / TR , telephone: 0.246. 232 48 55  

Yusuf ERSAHIN , TNS - valid member  , Izmir  , Turkey / TR , telephone: 0.232.388 30 42  

Belkis TANRIVERDI , TNS - valid member,  Osmangazi Univ.  , Eskisehir  , Turkey / TR , telephone: 0-222-239-37-50  

Alpaslan KULALI , TNS - valid member  , Manisa  , Turkey / TR , telephone: 0.236. 237 64 49  

Gulay LOGOGLU , TNS - valid member,  Cukurova Univ.  , Adana  , Turkey / TR , telephone: 0-322-338-68-47  

Sonia AMADO , TNS - valid member  , Izmir  , Turkey / TR , telephone: 0.232. 388 01 10 / 3933  

Nimet UNAY GUNDOGAN , TNS - valid member  , Ankara  , Turkey / TR , telephone: 0.312. 310 42 05  

I.Sertac ISLEKEL , TNS - valid member  , Izmir  , Turkey / TR , telephone: 0.232. 388 30 42  

Tulay SARICAM , TNS - valid member,  Osmangazi Univ.  , Eskisehir  , Turkey / TR , telephone: 0-222-239-29-79  

Emre KUMRAL , TNS - valid member,  Ege Univ.  , Izmir  , Turkey / TR , telephone: 2323903860  

Asuman GOLGELI , TNS - valid member,  Erciyes Univ.  , Kayseri  , Turkey / TR , telephone: 0-352-437-49-37/1268-1244  

Hatice AKSOY , TNS - valid member  , Lefkose  , TRNC / TR , telephone: 0.392. 22 85 441  

Kemal Kursat GENC , TNS - valid member,  Dokuz Eylul Univ.  , Izmir  , Turkey / TR , telephone: 0.232.2595959/4451  

Nazan UYSAL , TNS - valid member,  Dokuz Eylul Univ.  , Izmir  , Turkey / TR , telephone: 412 44 60  

Sevil GONENC , TNS - valid member  , Izmir  , Turkey / TR , telephone: 0.232. 2777777 / 4470  

Oguz Osman ERDINC , TNS - valid member  , Eskisehir  , Turkey / TR , telephone: 0.222.239 37 50 / 224  

Mustafa GUL , TNS - valid member  , Aydin  , Turkey / TR , telephone: 0.256. 212 18 50  / 123  

Ayla EKER , TNS - valid member,  Osmangazi Univ.  , Eskisehir  , Turkey / TR , telephone: 0.222. 239 37 50 / 192  

Nuran AKGOREN , TNS - valid member  , Istanbul  , Turkey / TR , telephone: 0.212. 533 94 68  

manager@neuroscienceireland.org


secretary@ebps.org


Sahgal A. , EBPS - valid member,  Newcastle General Hospital , Westgate Road , Newcastle-Upon-Tyne , NE4 6BE , U.K. / GB , telephone: +44 (191) 2735251  

Sfikakis A. , EBPS - valid member,  Univ. of Athens Medical School  , Athens , GR-11527 , GREECE / GR , telephone: +30 (1) 7776532  

Lehr E. , EBPS - valid member,  Boehringer Ingelheim KG , Binger strasse , Ingelheim/Rhein , D-55218 , GERMANY / DE , telephone: +49 (6132) 772777  

Paulina.Pettersson@med.lu.se


michal.gilady@isfn.org.il


Gerald.Obermair@i-med.ac.at


nodmit@gol.ge


Nato Chkhartishvili , GNA - valid member,  Tsereteli Kutaisi State University , 59, Tamar Mephe str. , Kutaisi , 4600 , Georgia / GE   

Tengiz Oniani , GNA - valid member,  I. Beritashvili Center of Experimental Biomedicine , 14, Gotua str. , Tbilisi , 160 , Georgia / GE   

David Gigineishvili , GNA - valid member,  Javakhishvili Tbilisi State University , 71, Gorgasali ave. , Tbilisi , 114 , Georgia / GE   

Ketevan Gogeshvili , GNA - valid member,  I. Beritashvili Center of Experimental Biomedicine , f. 37, b. 28, 2nd block, 11th m/r, Temka , Tbilisi , 167 , Georgia / GE   

Tamila Bagashvili , GNA - valid member,  Javakhishvili Tbilisi State University , 3-10-60, N. Dumbadze str. , Tbilisi , 142 , Georgia / GE   

Nana Lortkipanidze , GNA - valid member,  I. Beritashvili Center of Experimental Biomedicine , 14, Gotua str. , Tbilisi , 160 , Georgia / GE   

Michael Khananashvili , GNA - valid member,  I. Beritashvili Center of Experimental Biomedicine , 14, Gotua str. , Tbilisi , 160 , Georgia / GE   

Nana Kvirkvelia , GNA - valid member,  Javakhishvili Tbilisi State University , 33, Chavchavadze ave. , Tbilisi , 179 , Georgia / GE   

oitzl_m@chem.leidenuniv.nl


Pierre Karli , EBBS - valid member , 6, place Saint-Louis , Strasbourg , 67000 , France / FR , telephone: XX33 88 31 01 34  

av@puskin.sote.hu


Piotr Bregestowski , ESN - valid member,  Brain Dynamics Institute INSERM Unite 75 , 75 Bd. Jean Moulin, Cedex  05 , Marseille , 13385 , France / FR   

Stanislav Shram Ivanovich , ESN - valid member,  Russian Academy of Sciences , Kurchatov Sq. 2  , 123182  /   

mdebaerd@ulb.ac.be


A KLOCHER , BSN - deleted member,  U.C.L.  , Louvain-la-Neuve   /   

Abdollahi ASADABADI ROUHOLLAH , BSN - deleted member,  K.U.L. , Herestraat, 49/1021 , Leuven , B-3000 , Belgium / BE   

Daphné TALBOOM , BSN - deleted member,  K.U.L. , Tiensestraat, 102 Bus 3712 , Leuven , B-3000 , Belgium / BE , telephone: mail ne fonctionne pas  

riccardobrambilla@tiscali.it


selkan@ibiss.bg.ac.rs


lisat@med.unc.edu


Joseph Schacht , IBANGS - valid member,  Medical University of South Carolina  , Charleston , 29425 , United States / US , telephone: (843) 792-7497  

brigitte.borgman@cncr.vu.nl

 , DNF - valid member     /   

balaban@ihna.msk.ru


mjudas@hiim.hr


ALENKA BOBAN-BLAGAIC , CSFN - valid member,  University of Zagreb, School of Medicine, Pharmacology Dpt.  , Zagreb , 10000 , Croatia / HR   

SLAVKO SAKOMAN , CSFN - valid member,  Hospital Sestre Milosrdnice  , Zagreb , 10000 , Croatia / HR   

PETRA NIMAC , CSFN - valid member,  CIBR  , Zagreb , 10000 , Croatia / HR   

ANTO DUGONJIC , CSFN - valid member,  General Hospital Sveti Duh , Ulica Sv. Duha 64 , Zagreb , 10000 , Croatia / HR , telephone: +385 (01) 3745-123  

ANTE SIMONIC , CSFN - valid member,  School of Medicine  University of Rijeka , Trg B. Mazuranica 8 , Rijeka , 51000 , Croatia / HR , telephone: +385 (01) 4569-488  

NIKO ZURAK , CSFN - valid member,  School of Medicine  University of Zagreb , Kispaticeva 12 , Zagreb , 10000 , Croatia / HR , telephone: +385 (01) 2388-310  

BORIS BOZIC , CSFN - valid member,  Clinical Hospital ?Sestre milosrdnice , Vinogradska 29 , Zagreb , 10000 , Croatia / HR , telephone: +385 (01) 3777-473  

MILAN STANOJEVIC , CSFN - valid member,  Neonatology, General Hospital Sveti Duh  , Zagreb , 10000 , Croatia / HR   

JURAJ GEBER , CSFN - valid member,  School of Medicine  University of Zagreb , Salata 11 , Zagreb , 10000 , Croatia / HR , telephone: +385 (01) 4566-929  

MARTINA ZEBA , CSFN - valid member  , Zagreb , 10000 , Croatia / HR   

MARKO BOBAN , CSFN - valid member,  Neurology Dpt, University Hospital Zagreb  , Zagreb , 10000 , Croatia / HR   

DARKO ORESKOVIC , CSFN - valid member,  Institute Rudjer Boskovic , Bijenicka 54 , Zagreb , 10000 , Croatia / HR , telephone: +385 (01) 4651-111  

SVEN LONCARIC , CSFN - valid member,  Faculty of Electrical Engineering and Computing  , Zagreb , 10000 , Croatia / HR   

LJILJANA MORO , CSFN - valid member,  Clinical Hospital Center Rijeka School of Medicine  University of Rijeka , Cambierieva 17 , Rijeka , 51000 , Croatia / HR , telephone: +385 (051) 658-321  

MILJENKO KAPOVIC , CSFN - valid member,  School of Medicine  University of Rijeka , Brace Branchetta 20 , Rijeka , 51000 , Croatia / HR , telephone: +385 (051) 651-111  

RAPHAEL BENE , CSFN - valid member,  School of Medicine  University of Zagreb , MarohniCeva 14 , Zagreb , 10000 , Croatia / HR , telephone: +385 (01) 619 6206  

SANJA ZAPUTOVIC , CSFN - valid member,  Pediatrics, Clinical Hospital Rijeka  , Rijeka , 51000 , Croatia / HR   

DANIJELA ZAKIC-MILAS , CSFN - valid member,  Psychiatric Hospital Vrapce , Bolnicka cesta 32 , Zagreb , 10000 , Croatia / HR , telephone: +385 (01) 4683-569  

NATASA JOKIC BEGIC , CSFN - valid member,  Faculty of Phylosophy , I. Lucica 3 , Zagreb , 10000 , Croatia / HR   

GOJKO BULJAT , CSFN - valid member,  School of Medicine  University of Zagreb , Draskoviceva 19 , Zagreb , 10000 , Croatia / HR , telephone: +385 (01) 4610-368  

SANDRA NAKIC , CSFN - valid member,  Psychology Dpt, Faculty of Phylosophy, Zadar  , Zadar  , Croatia / HR   

KARLO MIHOVILOVIC , CSFN - valid member,  School of Medicine  University of Zagreb , Salata 12 , Zagreb , 10000 , Croatia / HR , telephone: 00385(098) 931-7147  

MATIJA SESTAN , CSFN - valid member,  School of Medicine Zagreb  , Zagreb , 10000 , Croatia / HR   

MARTINA ZELJKO , CSFN - valid member,  Clinical Hospital Merkur  , Zagreb , 10000 , Croatia / HR   

HRVOJE HECIMOVIC , CSFN - valid member,  Department of Neurology, Clinical Hospital Sestre Milosrdnice  , Zagreb , 10000 , Croatia / HR   

ANA HLADNIK , CSFN - valid member,  University of Zagreb, School of Medicine, Anatomy Dpt.  , Zagreb , 10000 , Croatia / HR   

GORDANA RUBESA , CSFN - valid member,  School of Medicine  University of Rijeka , Cambierieva 17/VII , Rijeka , 51000 , Croatia / HR , telephone: +385 (051) 658-334  

GORDANA MOKROVIC , CSFN - valid member,  Institute Rudjer Boskovic  , Zagreb , 10000 , Croatia / HR   

OLIVER VASILJ , CSFN - valid member,  Gynecology and Obstetrics, General Hospital Sveti Duh  , Zagreb , 10000 , Croatia / HR   

ANA TIKVICA , CSFN - valid member,  General Hospital"Sveti Duh"  , Zagreb , 10000 , Croatia / HR   

MAJA OSMAK , CSFN - valid member,  Institute Rudjer Boskovic  , Zagreb , 10000 , Croatia / HR   

VELJKO DJORDJEVIC , CSFN - valid member,  Psychiatric Dpt, Clinical Hospital Zagreb  , Zagreb , 10000 , Croatia / HR   

IRENA PINTARIC , CSFN - valid member,  School of Medicine  University of Split , Spinciceva 1 , Split , 21000 , Croatia / HR , telephone: +385 (021) 556-361  

JOSIPA VLAINIC , CSFN - valid member,  Institute Rudjer Boskovic  , Zagreb , 10000 , Croatia / HR   

vandervusse@fys.unimaas.nl


ilja.huang@gmail.com

 Ferszt , EUROCNS - valid member    , Germany / DE   
 Itoh , EUROCNS - valid member    , Japan / JP   
 Polizzi , EUROCNS - valid member    , Italy / IT   
 Haug , EUROCNS - valid member    , Germany / DE   
 Abreu Albuquerque , EUROCNS - valid member    , Portugal / PT   
 Urich , EUROCNS - valid member    , United Kingdom / GB   
 Adams , EUROCNS - valid member    , USA / US   
 Santos Menezes Monteiro , EUROCNS - valid member    , Portugal / PT   
 Orsini , EUROCNS - valid member    , Italy / IT   
 Alema , EUROCNS - valid member    , Italy / IT   
 Müller , EUROCNS - valid member    , Germany / DE   
 Lang , EUROCNS - valid member    , Germany / DE   
 Rigau , EUROCNS - valid member    , France / FR   
 Spaar , EUROCNS - valid member    , Germany / DE   
 Gambetti , EUROCNS - valid member    , USA / US   
 Frydl , EUROCNS - valid member    , Germany / DE   
 Schröder , EUROCNS - valid member    , Germany / DE   
 Jakob , EUROCNS - valid member    , Germany / DE   
 Vitzthum , EUROCNS - valid member    , Germany / DE   
 Klein , EUROCNS - valid member    , Germany / DE   
 Gerhard , EUROCNS - valid member    , Germany / DE   
 Santos , EUROCNS - valid member    , Portugal / PT   
 Schmidt , EUROCNS - valid member    , Germany / DE   
 Frattola , EUROCNS - valid member    , Italy / IT   
 dos Santos Palma Pereira , EUROCNS - valid member    , Portugal / PT   
 Baron , EUROCNS - valid member    , France / FR   
 Haglid , EUROCNS - valid member    , Sweden / SE   
 Prosenc , EUROCNS - valid member    , Germany / DE   
 Lima Costa , EUROCNS - valid member    , Portugal / PT   
 Pierobonbormioli , EUROCNS - valid member    , Italy / IT   
 Monici , EUROCNS - valid member    , Italy / IT   
 Ricco , EUROCNS - valid member    , Italy / IT   
 Lus , EUROCNS - valid member    , Italy / IT   
 Callea , EUROCNS - valid member    , Italy / IT   
 Cavallaro , EUROCNS - valid member    , Italy / IT   
 Wartenberg , EUROCNS - valid member    , Germany / DE   
 Bosone , EUROCNS - valid member    , Italy / IT   
 Kraemer , EUROCNS - valid member    , Germany / DE   
 Bochnik , EUROCNS - valid member    , Germany / DE   
 Winkler , EUROCNS - valid member    , Germany / DE   
 Panousopoulou , EUROCNS - valid member    , Greece / GR   
 Davide , EUROCNS - valid member    , Italy / IT   
 Øster , EUROCNS - valid member    , Denmark / DK   
 Tomelleri , EUROCNS - valid member    , Italy / IT   
 Hirsch , EUROCNS - valid member    , France / FR   
 Ben Hamida , EUROCNS - valid member    , Tunisia / TN   
 Andrioli , EUROCNS - valid member    , Italy / IT   
 Richiardi , EUROCNS - valid member    , Italy / IT   
 Schnabel , EUROCNS - valid member    , Germany / DE   
 Delgado Morgado , EUROCNS - valid member    , Portugal / PT   
 Robain , EUROCNS - valid member    , France / FR   
 Stammler , EUROCNS - valid member    , Germany / DE   
 Zanusso , EUROCNS - valid member    , Italy / IT   
 Lehmann , EUROCNS - valid member    , Germany / DE   
 Engelhardt , EUROCNS - valid member    , Germany / DE   
 Bortolotto , EUROCNS - valid member    , Italy / IT   
 Distefano , EUROCNS - valid member    , Italy / IT   
 Shomov , EUROCNS - valid member    , Bulgaria / BG   
 Routon , EUROCNS - valid member    , France / FR   
 Verga , EUROCNS - valid member    , Italy / IT   
 Tateishi , EUROCNS - valid member    , Japan / JP   
 Sabatelli , EUROCNS - valid member    , Italy / IT   
 Cimmino , EUROCNS - valid member    , Italy / IT   
 Migliorato , EUROCNS - valid member    , Italy / IT   
 Guazzi , EUROCNS - valid member    , Italy / IT   
 Raivich , EUROCNS - valid member    , Germany / DE   
 Minauf , EUROCNS - valid member    , Austria / AT   
 Tennstedt , EUROCNS - valid member    , Germany / DE   
 Nobile Orazio , EUROCNS - valid member    , Italy / IT   
 Mehraein , EUROCNS - valid member    , Germany / DE   
 Grcevic , EUROCNS - valid member    , Croatia / HR   
 Iizuka , EUROCNS - valid member    , Japan / JP   
 Veith , EUROCNS - valid member    , Germany / DE   
 Weiser , EUROCNS - valid member    , Austria / AT   
 Bleistein , EUROCNS - valid member    , Germany / DE   
 Boghi , EUROCNS - valid member    , Italy / IT   
 Baptista Dinis , EUROCNS - valid member    , Portugal / PT   
 Monsurro , EUROCNS - valid member    , Italy / IT   
 Servidei , EUROCNS - valid member    , Italy / IT   
 Cortez Alentisca , EUROCNS - valid member    , Portugal / PT   
 Liebaldt , EUROCNS - valid member    , Germany / DE   
 Ribeiro Correia Baptista , EUROCNS - valid member    , Portugal / PT   
 Amaral Coutinho , EUROCNS - valid member    , Portugal / PT   
 Turner , EUROCNS - valid member    , UK / GB   
 Marbini , EUROCNS - valid member    , Italy / IT   
 Mussini , EUROCNS - valid member    , France / FR   
 Figge , EUROCNS - valid member    , Germany / DE   
 Portugal Leal Loureiro , EUROCNS - valid member    , Portugal / PT   
 Mancardi , EUROCNS - valid member    , Italy / IT   
 Luginbühl , EUROCNS - valid member    , Switzerland / CH   
 Wollenburg , EUROCNS - valid member    , Germany / DE   
 Bardosi , EUROCNS - valid member    , Germany / DE   
 Bauer , EUROCNS - valid member    , Germany / DE   
 Isidoridou , EUROCNS - valid member    , Greece / GR   
 Schwechheimer , EUROCNS - valid member    , Germany / DE   
 Cornelio , EUROCNS - valid member    , Italy / IT   
 Jänisch , EUROCNS - valid member    , Germany / DE   
 Fleming , EUROCNS - valid member    , UK / GB   
 Reske-Nielsen , EUROCNS - valid member    , Denmark / DK   
 Da Costa , EUROCNS - valid member    , Brazil / BR   
 Doriguzzi , EUROCNS - valid member    , Italy / IT   
 Katz , EUROCNS - valid member    , USA / US   
 Unterharnscheidt , EUROCNS - valid member    , USA / US   
 Botticelli , EUROCNS - valid member    , Italy / IT   
 Scarpini , EUROCNS - valid member    , Italy / IT   
 Anzil , EUROCNS - valid member    , Italy / IT   
 Fenzi , EUROCNS - valid member    , Italy / IT   
 Deutschländer , EUROCNS - valid member    , Germany / DE   
 Vitó , EUROCNS - valid member    , Portugal / PT   
 Biscaia dos Santos , EUROCNS - valid member    , Portugal / PT   
 Lauro , EUROCNS - valid member    , Italy / IT   
 Marty Double , EUROCNS - valid member    , France / FR   
 Henneberg , EUROCNS - valid member    , Germany / DE   
 Wechsler , EUROCNS - valid member    , Germany / DE   
 Weissenberger , EUROCNS - valid member    , Switzerland / CH   
 Gasparo Rippa , EUROCNS - valid member    , Italy / IT   
 Terziev , EUROCNS - valid member    , Bulgaria / BG   
 Fonseca Simões , EUROCNS - valid member    , Portugal / PT   
 Barreto de Magalhães , EUROCNS - valid member    , Portugal / PT   
 Kruse , EUROCNS - valid member    , Germany / DE   
 Terlizzi , EUROCNS - valid member    , Italy / IT   
 Adam , EUROCNS - valid member    , Germany / DE   
 Fardeau , EUROCNS - valid member    , France / FR   
 Korenke , EUROCNS - valid member    , Germany / DE   
 Leonardi , EUROCNS - valid member    , Italy / IT   
 Osterkamp-Baust , EUROCNS - valid member    , Germany / DE   
 Vercellino , EUROCNS - valid member    , Italy / IT   
 Dragojevic , EUROCNS - valid member    , Germany / DE   
 Berger , EUROCNS - valid member    , France / FR   
 Haïk , EUROCNS - valid member    , France / FR   
 Galatioto , EUROCNS - valid member    , Italy / IT   
 Birtsch , EUROCNS - valid member    , Germany / DE   
 Bonavita , EUROCNS - valid member    , Italy / IT   
 Kristensson , EUROCNS - valid member    , Sweden / SE   
 Schwarz , EUROCNS - valid member    , USA / US   
 Camparo , EUROCNS - valid member    , France / FR   
 Serio , EUROCNS - valid member    , Italy / IT   
 Ceroni , EUROCNS - valid member    , Italy / IT   
 Chatel , EUROCNS - valid member    , France / FR   
 Gibbels , EUROCNS - valid member    , Germany / DE   
 Corti , EUROCNS - valid member    , Italy / IT   
 Schröter , EUROCNS - valid member    , Germany / DE   
 Postler , EUROCNS - valid member    , Germany / DE   
 Lacerda e Correia , EUROCNS - valid member    , Portugal / PT   
 Seitelberger , EUROCNS - valid member    , Austria / AT   
 Løken , EUROCNS - valid member    , Norway / NO   
 De Caro , EUROCNS - valid member    , Italy / IT   
 Schmolke , EUROCNS - valid member    , Germany / DE   
 Ribizzi , EUROCNS - valid member    , Italy / IT   
 Karsoo , EUROCNS - valid member    , USA / US   
 Fieschi , EUROCNS - valid member    , Italy / IT   
 Winkelmann , EUROCNS - valid member    , Germany / DE   
 Struck , EUROCNS - valid member    , Germany / DE   
 Macchi , EUROCNS - valid member    , Italy / IT   
 Bammer , EUROCNS - valid member    , Germany / DE   
 Gullotta , EUROCNS - valid member    , Germany / DE   
 Thomas , EUROCNS - valid member    , UK / GB   
 Møller , EUROCNS - valid member    , Denmark / DK   
 Busch-Hettwer , EUROCNS - valid member    , Germany / DE   
 Forni , EUROCNS - valid member    , Italy / IT   
 Kaiser , EUROCNS - valid member    , Germany / DE   
 Neary , EUROCNS - valid member    , UK / GB   
 Schönheit , EUROCNS - valid member    , Germany / DE   
 Sabaziotis , EUROCNS - valid member    , Greece / GR   
 Tsiang , EUROCNS - valid member    , France / FR   
 Hempel , EUROCNS - valid member    , Germany / DE   
 Adelmann , EUROCNS - valid member    , Germany / DE   
 Geiger , EUROCNS - valid member    , Germany / DE   
 Dominguez , EUROCNS - valid member    , Venezuela / VE   
 Herrmann , EUROCNS - valid member    , Germany / DE   
 Dahme , EUROCNS - valid member    , Germany / DE   
 Salviati , EUROCNS - valid member    , Italy / IT   
 Gonçalves , EUROCNS - valid member    , Portugal / PT   
 Bredemann , EUROCNS - valid member    , Germany / DE   
 Turpin , EUROCNS - valid member    , France / FR   
 Schumann , EUROCNS - valid member    , Germany / DE   
 Ebhardt , EUROCNS - valid member    , Germany / DE   
 Moretto , EUROCNS - valid member    , Italy / IT   
 Bode , EUROCNS - valid member    , Germany / DE   
 Cotrufo , EUROCNS - valid member    , Italy / IT   
 Annunziata , EUROCNS - valid member    , Italy / IT   
 Zimmer , EUROCNS - valid member    , Germany / DE   
 Soffietti , EUROCNS - valid member    , Italy / IT   
 Pires , EUROCNS - valid member    , Portugal / PT   
 Dias Evangelista , EUROCNS - valid member    , Portugal / PT   
 Schmalbruch , EUROCNS - valid member    , Denmark / DK   
 Klinken , EUROCNS - valid member    , Denmark / DK   
 Gies , EUROCNS - valid member    , Germany / DE   
 Trabattoni , EUROCNS - valid member    , Italy / IT   
 Massa , EUROCNS - valid member    , Italy / IT   
 Authier , EUROCNS - valid member    , France / FR   
 Gervaz , EUROCNS - valid member    , Uruguay / UY   
 Vanderhaeghen , EUROCNS - valid member    , Belgium / BE   
 Vössing , EUROCNS - valid member    , Germany / DE   
 Thierauf , EUROCNS - valid member    , Germany / DE   
 Abbamondi , EUROCNS - valid member    , Italy / IT   
 Stroescu , EUROCNS - valid member    , Romania / RO   
 Pontes Marques Sá , EUROCNS - valid member    , Portugal / PT   
 Donato , EUROCNS - valid member    , Italy / IT   
 Hökendorf , EUROCNS - valid member    , Germany / DE   
 Cavalla , EUROCNS - valid member    , Italy / IT   
 Passarin , EUROCNS - valid member    , Italy / IT   
 Solaro , EUROCNS - valid member    , Italy / IT   
 Bertolotto , EUROCNS - valid member    , Italy / IT   
 Gaspar , EUROCNS - valid member    , France / FR   
 Villanova , EUROCNS - valid member    , Italy / IT   
 Tsangli-Thomas , EUROCNS - valid member    , Greece / GR   
 Pluot , EUROCNS - valid member    , France / FR   
 Dimuzio , EUROCNS - valid member    , Italy / IT   
 Konstantinou , EUROCNS - valid member    , Greece / GR   
 Della Giustina , EUROCNS - valid member    , Italy / IT   
 Mazzeo , EUROCNS - valid member    , Italy / IT   
 Hobik , EUROCNS - valid member    , Germany / DE   
 Brion , EUROCNS - valid member    , France / FR   
 Lekka-Katsouli , EUROCNS - valid member    , Greece / GR   
 Meola , EUROCNS - valid member    , Italy / IT   
 Evrard , EUROCNS - valid member    , France / FR   
 Lefauconnier , EUROCNS - valid member    , France / FR   
 Spicer , EUROCNS - valid member    , USA / US   
 Torvik , EUROCNS - valid member    , Norway / NO   
 Allegranza , EUROCNS - valid member    , Italy / IT   
 Pirini , EUROCNS - valid member    , Italy / IT   
 Perentes , EUROCNS - valid member    , Switzerland / CH   
 Filippidis , EUROCNS - valid member    , Greece / GR   
 Nikolaou , EUROCNS - valid member    , Greece / GR   
 Pou-Serradell , EUROCNS - valid member    , Spain / ES   
 Mirabella , EUROCNS - valid member    , Italy / IT   
 Güldner , EUROCNS - valid member    , South Africa / ZA   
 Büttner , EUROCNS - valid member    , Germany / DE   
 Panayotidis , EUROCNS - valid member    , Greece / GR   
 Tsamouri , EUROCNS - valid member    , Greece / GR   
 Wong , EUROCNS - valid member    , Malaysia / MY   
 Biedenkapp , EUROCNS - valid member    , Germany / DE   
 Chrétien , EUROCNS - valid member    , France / FR   
 Nomoto , EUROCNS - valid member    , Japan / JP   
 Wilkins , EUROCNS - valid member    , UK / GB   
 Tzonos , EUROCNS - valid member    , Germany / DE   
 Mora , EUROCNS - valid member    , Italy / IT   
 Rademecker , EUROCNS - valid member    , Belgium / BE   
 Squier , EUROCNS - valid member    , United Kingdom / GB   
 Oehmke , EUROCNS - valid member    , Germany / DE   
 Schmidt , EUROCNS - valid member    , Germany / DE   
 Fünfgeld , EUROCNS - valid member    , Germany / DE   
 Routsonis , EUROCNS - valid member    , Greece / GR   
 Findley , EUROCNS - valid member    , UK / GB   
 Puoti , EUROCNS - valid member    , Italy / IT   
 Victor , EUROCNS - valid member    , Germany / DE   
 Protopapa , EUROCNS - valid member    , Greece / GR   
 Delaere , EUROCNS - valid member    , France / FR   
 Bresolin , EUROCNS - valid member    , Italy / IT   
 Wöckel , EUROCNS - valid member    , Germany / DE   
 Brettschneider , EUROCNS - valid member    , Germany / DE   
 Hallpike , EUROCNS - valid member    , Australia / AU   
 Verny , EUROCNS - valid member    , France / FR   
 Dilorio , EUROCNS - valid member    , Italy / IT   
 Gonçalves Neves Ferreira , EUROCNS - valid member    , Portugal / PT   
 Ciplea , EUROCNS - valid member    , Germany / DE   
 Hughes , EUROCNS - valid member    , United Kingdom / GB   
 Van Hemel , EUROCNS - valid member    , The Netherlands / NL   
 Schreiber , EUROCNS - valid member    , Germany / DE   
 Mahera , EUROCNS - valid member    , Greece / GR   
 Bertini , EUROCNS - valid member    , Italy / IT   
 Pagès , EUROCNS - valid member    , France / FR   
 Artigas , EUROCNS - valid member    , Germany / DE   
 Sancesario , EUROCNS - valid member    , Italy / IT   
 Costanza , EUROCNS - valid member    , Italy / IT   
 Rothemund , EUROCNS - valid member    , Germany / DE   
 Pereira M. Conde Pires , EUROCNS - valid member    , Portugal / PT   
 Firmo , EUROCNS - valid member    , Portugal / PT   
 Musumeci , EUROCNS - valid member    , Italy / IT   
 Sturm , EUROCNS - valid member    , Germany / DE   
 Lupo , EUROCNS - valid member    , Italy / IT   
 Streichenberger , EUROCNS - valid member    , France / FR   
 Relvas , EUROCNS - valid member    , Portugal / PT   
 Heldt , EUROCNS - valid member    , France / FR   
 Divito , EUROCNS - valid member    , Italy / IT   
 Stathas , EUROCNS - valid member    , Greece / GR   
 Bonnekoh , EUROCNS - valid member    , Germany / DE   
 Mosnier , EUROCNS - valid member    , France / FR   
 Morandi , EUROCNS - valid member    , Italy / IT   
 Gehrmann , EUROCNS - valid member    , Germany / DE   
 Guenchev , EUROCNS - valid member    , Bulgaria / BG   
 Schwendemann , EUROCNS - valid member    , Germany / DE   
 Cerasoli , EUROCNS - valid member    , Italy / IT   
 Isenhardt , EUROCNS - valid member    , Germany / DE   
 Dreyfus , EUROCNS - valid member    , France / FR   
 Hogenhuis , EUROCNS - valid member    , France / FR   
 Tabaton , EUROCNS - valid member    , Italy / IT   
 Kaluza , EUROCNS - valid member    , Poland / PL   
 Nedkova , EUROCNS - valid member    , Bulgaria / BG   
 Casadei , EUROCNS - valid member    , Italy / IT   
 Macchi , EUROCNS - valid member    , Italy / IT   
 Belichenko , EUROCNS - valid member    , Russia / RU   
 Thomas , EUROCNS - valid member    , Germany / DE   
 Reinhardt , EUROCNS - valid member    , Germany / DE   
 Wessel , EUROCNS - valid member    , Germany / DE   
 Ruda&#39; , EUROCNS - valid member    , Italy / IT   
 Stölzle , EUROCNS - valid member    , Germany / DE   
 Inocêncio , EUROCNS - valid member    , Portugal / PT   
 Woelki , EUROCNS - valid member    , Germany / DE   
 Argyrakis , EUROCNS - valid member    , Germany / DE   
 Antozzi , EUROCNS - valid member    , Italy / IT   
 Lamperti , EUROCNS - valid member    , Italy / IT   
 Schmidt , EUROCNS - valid member    , Germany / DE   
 Arvanitis , EUROCNS - valid member    , Greece / GR   
 Ditrapani , EUROCNS - valid member    , Italy / IT   
 Magalhães , EUROCNS - valid member    , Portugal / PT   
 Federico , EUROCNS - valid member    , Italy / IT   
 Schiffer , EUROCNS - valid member    , France / FR   
 Kretschmann , EUROCNS - valid member    , Germany / DE   
 Larroche , EUROCNS - valid member    , France / FR   
 Trevisan , EUROCNS - valid member    , Italy / IT   
 Guarda , EUROCNS - valid member    , Italy / IT   
 Rosenbauer-Thilmann , EUROCNS - valid member    , Germany / DE   
 Günzel , EUROCNS - valid member    , Germany / DE   
 Coias , EUROCNS - valid member    , Portugal / PT   
 Schulz , EUROCNS - valid member    , Germany / DE   
 Marchiori , EUROCNS - valid member    , Italy / IT   
 Minetti , EUROCNS - valid member    , Italy / IT   
 Rone , EUROCNS - valid member    , Latvia / LV   
 Klinghardt , EUROCNS - valid member    , Germany / DE   
 Völpel , EUROCNS - valid member    , Germany / DE   
 Mayer , EUROCNS - valid member    , Germany / DE   
 El Hachimi , EUROCNS - valid member    , France / FR   
 Födisch , EUROCNS - valid member    , Germany / DE   
 Havlat , EUROCNS - valid member    , Australia / AU   
 Malandrini , EUROCNS - valid member    , Italy / IT   
 Oliveira , EUROCNS - valid member    , Portugal / PT   
 Blot , EUROCNS - valid member    , France / FR   
 Schneider , EUROCNS - valid member    , Germany / DE   

japalha@ecsaude.uminho.pt


Pedro DOMINGOS , SPN - valid member  , New York , NY 10021 , USA / US , telephone: 1 212 327 8495  

Bial , SPN - valid member    , Portugal / PT , telephone: 22-9866100  

Francisco CRUZ , SPN - valid member,  Inst. Histologia e Embriologia  , Porto , 4200 Porto , Portugal / PT , telephone: 22-591468  

Mariana Frota Lúcio de Moraes ROCHA , SPN - valid member,  Universidade de Lisboa   , 1649-028 Lisboa  / , telephone: 217999411  

Pedro Manuel COSTA , SPN - valid member,  Departamento Fisiologia  , Lisboa , 1300 Lisboa , Portugal / PT , telephone: 21-8803036/78/38/19/00  

Jose Alberto ARANTES-GONCALVES , SPN - valid member,  Clinica de Dor do Porto  , Porto , 4050-115 Porto , Portugal / PT , telephone: 22-6005398/85  

Manuel Joao CUNHA e SA , SPN - valid member    , Portugal / PT , telephone: 21-396 7947  

Antonio Jose FERREIRA , SPN - valid member,  Inst. Anatomia Normal  , Lisboa , 1600 Lisboa , Portugal / PT , telephone: 21-7931290  

Joaquim Pedro Faria JACOB , SPN - valid member,  Universidade de Lisboa   , 1649-028 Lisboa  / , telephone: 217999411  

jzohar@post.tau.ac.il


Moshe Kotler , ECNP - valid member  , Beer Yakov , 70350 , Israel / IL   

Jozef Kafka , ECNP - valid member  , Kosice , 4066 , Slovak Republic / SK   

Isabella Heuser , ECNP - valid member  , Berlin , 14050 , Germany / DE   

Hanns Hippius , ECNP - valid member  , Munich , D-80336 , Germany / DE   

Marie Österlund , ECNP - valid member  , Huddinge , 14157 , Sweden / SE   

Rolf Ohman , ECNP - valid member  , Lund , 22185 , Sweden / SE   

Carl-Gerhard Gottfries , ECNP - valid member  , Mölndal , 43180 , Sweden / SE   

Rory K. Shelley , ECNP - valid member  , Co. Dublin  , Ireland / IE   

bonanno@pharmatox.unige.it


GUIDO FILOGAMO , SINS - valid member  , TORINO  , ITALY / IT , telephone: -6707703  

margo@ana.sote.hu


Zsuzsanna Szepesi , HNS - valid member,  ELTE MTA Neurobiológiai Kutatócsoport , Pázmány P. sét. 1/c. , Budapest , 1117 , Hungary / HU , telephone: 06-1-209-0555/8110  

snn@univermed-cdgm.ro


secretaria.tecnica@senc.es


Boya Vegue Jesús , SENC - valid member,  Universidad Complutense de Madrid , Ciudad Universitaria , MADRID , 28040 , ESPAÑA /   

Zahonero Coba Mª Carmen , SENC - valid member,  Universidad Complutense de Madrid , Campus de Somosaguas , MADRID , 28223 , ESPAÑA / , telephone: 913943075  

Trueba Gutiérrez Juan L. , SENC - valid member,  Hospital 12 de Octubre , Ctra. Andalucía Km. 5.4 , MADRID , 28041 , ESPAÑA / , telephone: 913908000-1614  

Vargas Aragón Martín Lorenzo , SENC - valid member,  Hospital Provincial de Zamora , Santa Elena s/n , ZAMORA , 49007 , ESPAÑA / , telephone: 980535862  

terje.sagvolden@basalmed.uio.no


klyu@biph.kiev.ua


Oleksandr Kostyukov , USN - valid member,  Bogomoletz Institute of Phisio  , Kyiv  , Ukraine / UA   

christoph.michel@unige.ch


Sergei Bankoul , SSN - deleted member     /   

Albert Enz , SSN - deleted member     /   

Michael Enezian , SSN - deleted member     /   

Mohamed Tountoungj , SSN - valid member , 1090 / rue Monnier 1, BP 313, Geneve 12 , Geneve 12 , 1211 , Switzerland / CH , telephone: +41 22 346 16 16  

lcausse@sund.ku.dk


Kristen Frederiksen , DSN - valid member,  H. Lundbeck A/S , Ottiliavej 9 , Valby , 2500 , Denmark / DK   

Benedikte Wanscher , DSN - valid member,  Amtssygehuset i Glostrup , Carl Bernhards Vej 13, 2.th. , Frederiksberg C , 1817 , Denmark / DK   

Arne Møller , DSN - valid member,  Århus Kommunehospital  , Aarhus C , 8000 , Denmark / DK   

Henrik Kai Francis Lublin , DSN - valid member,  Rigshospitalet , Gentoftegade 43, 2.tv. , Gentofte , 2820 , Denmark / DK   

Per Sauerberg , DSN - valid member,  Novo Nordisk , CNS Division , Måløv , 2760 , Denmark / DK   

Benedicte Dahlerup , DSN - valid member , Lykkenshøj 68 , Brabrand , 8229 , Denmark / DK   

Jens Henrik Abraham , DSN - valid member,  Bispebjerg Hospital , Bakkedraget 16, st.tv. , Hillerød , 3400 , Denmark / DK   

Marianne Ryhede Bjerre , DSN - valid member  , Glostrup , 2600 , Denmark / DK   

Per Nedergaard , DSN - valid member,  Rigshospitalet , Kogle Alle 2 , Hørsholm , 2970 , Denmark / DK   

Torben Elmo , DSN - valid member,  Slagelse Centralsygehus , Ingemannsvej 18 , Slagelse , 4200 , Denmark / DK   

Mia Hee Greisen Søndergaard , DSN - valid member    , Denmark / DK   

Marianne Hertz , DSN - valid member,  Rigshospitalet , Slotsvej 35B , Charlottenlund , 2920 , Denmark / DK   

Benny Bardrum , DSN - valid member,  Flyvestation Skalstrup , Sydtoften 19 , Jyllinge , 4040 , Denmark / DK   

Lise T. Brennum , DSN - valid member,  H. Lundbeck A/S , Ottiliavej 9 , Valby , 2500 , Denmark / DK   

Jesper Jørgen Lundberg , DSN - valid member,  Odense Universitetshospital , Nordre Fasanvej 102A , Frederiksberg , 2000 , Denmark / DK   

Jørn Kragh , DSN - valid member,  Amager Hospital , Fuglesangpark 7 , Farum , 3520 , Denmark / DK   

Gert H. Hansen , DSN - valid member , Langesvej 41 , Hillerød , 3400 , Denmark / DK   

John Flatmann , DSN - valid member , Geysergade 3B , Århus C , 8000 , Denmark / DK   

Lennart Derm , DSN - valid member,  Rigshospitalet , Blegdamsvej 9 , København Ø , 2100 , Denmark / DK   

Jørgen Drejer , DSN - valid member , Pederstrupvej 93 , Ballerup , 2750 , Denmark / DK   

Mette Katrine Schulz , DSN - valid member,  Odense Universitetshospital , Kløvervænget 24C, st. 1 , Odense C , 5000 , Denmark / DK   

Søren Holm , DSN - valid member,  Univ. of Manchester , Oxford Rd,Manchest.M13 9PL , Storbritannien  , Denmark / DK   

Eddi Meier , DSN - valid member , Bringebakken 88 , Værløse , 3500 , Denmark / DK   

Morten Colding-Jørgensen , DSN - valid member , Ranunkelvej 5 , Gentofte , 2820 , Denmark / DK   

Lisbeth Regeur , DSN - valid member,  Bispebjerg Hospital , Svanemøllevej 66, 1. , Hellerup , 2900 , Denmark / DK   

Christian Pilebæk Hansen , DSN - valid member,  Epilepsihosp. I Dianalund , Farumgårds Alle 1 , Farum , 3520 , Denmark / DK   

Kai Jensen , DSN - valid member,  Hillerød Sygehus , Postboks 358 , Hørsholm , 2970 , Denmark / DK   

blaz.koritnik@sinapsa.si


webmaster@your-real-domain-name-here.org


efthis@biol.uoa.gr


LESLEY PROBERT , HSN - valid member     /   

ZAHAROULA LINARDAKI , HSN - valid member,  University of Patras , Rion , Patras , 26504 , Greece / GR   

Dimitra MISTHOU , HSN - valid member , 7 Dimitracopoulou, Ano Patisia , Athens  , Greece / GR , telephone: 2610-997667  

Ioannis MALIDELIS , HSN - valid member,  Univ. of Athens , 6 Saranta Ekklision , Peristeri-Attiki , 12134 , Greece / GR , telephone: 210-5749843  

Georgios PANTES , HSN - valid member,  Eginitio Hospital , 74 Vas. Sofias Ave. , Athens , 11528 , Greece / GR   

Fotios ANINOS , HSN - valid member,  Univ. of Thraki  , Alexandroupoli , 68100 , Greece / GR   

SIDERIS NIKOLAOS , HSN - valid member     /   

GERASSIMOS PIERRATOS , HSN - valid member , Syrou 27, Agioi Anargyroi , Athens , 13561 , Greece / GR   

Nikolaos PANAGOPOULOS , HSN - valid member,  Univ. of Patras  , Patra , 26504 , Greece / GR , telephone: 2610-997676  

Iosef MICHELOGIANNIS , HSN - valid member,  Univ. of Crete  , Heraklion-Crete , 71500 , Greece / GR   

SOLOMON MOSHE , HSN - valid member,  Albert Einstein College of Medicine , Bronx, NY, 10461 , NY  , USA / US   

dutt@biomed.cas.cz


Miroslav Klivar , CNS - valid member    , Czech Republic / CZ   

Vaclav Kozak , CNS - valid member,  Ministry of Affairs the Czech Rep. , P.O.Box 21/RN , Prague 7 , 170 34 , Czech Republic / CZ   

Oldrich Vinar , CNS - valid member,  Psychiatry Hospital Bohnice , K Ovcinu 10 , Prague 8 , 182 00 , Czech Republic / CZ   

Alfred Pavlik , CNS - valid member  , Prague  , Czech Republic / CZ   

Rostislava Krajcova , CNS - valid member,  Neurology Clinic , Nam. V+W 434 , Sazava , 285 06 , Czech Republic / CZ   

Josef Svoboda , CNS - valid member,  Merck Sharp&amp;amp;Dohme , Krenova 5 , Prague 6 , 162 00 , Czech Republic / CZ   

Denisa Janeckova , CNS - valid member  , Prague  , Czech Republic / CZ   

korthals@mdc-berlin.de


Tobias Wolfram , GNS - valid member , Oberwiesenweg 52 , Dreieich , 63303  / , telephone: 06103 35412  

Anneliese A. Pontius , GNS - valid member , Waldschmidtstr. 6,  # 5037 , Frankfurt/Main , 60316  / , telephone: 069 40 585 271  

Josef Ammermueller , GNS - valid member,  Universität Oldenburg , Postfach 2503 , Oldenburg , 26111  / , telephone: 0441 798 3420  

Martin Lauer , GNS - valid member,  Psychiatrische Universitätsklinik , Füchsleinstr. 15 , Würzburg , 97080  / , telephone: 0931 20 32 20  

Gerrit ten Bruggencate , GNS - valid member , Fontanestr. 18 , Berlin , 14193  / , telephone: +49 89 5996 255  

Reiner Westermann , GNS - valid member,  Universität Marburg , Robert-Koch-StraÃ?e 6 , Marburg/Lahn , 35033  / , telephone: 06421 28 4023  

Mira Buehler , GNS - valid member , Christian-Fink-Str. 5 , Esslingen , 73732  / , telephone: 0711 370 5860  

Frank Fuchs , GNS - valid member , Klötzerstr. 31 , Schwiesau , 39638  / , telephone: 039085 296  

Jürgen Boeckh , GNS - valid member , Aggensteinweg 21 , Füssen-Hopfen , 87629  / , telephone: 08362 6882  

Gisela Segond von Banchet , GNS - valid member,  Universität Jena , Neurophysiologie , Jena , 7740  / , telephone: 03641 938 814  

Jutta Bohne , GNS - valid member , Chemnitzer Weg 1 , Bonn , 53119  / , telephone: 0228 664 338  

Helmut Tegetmeyer , GNS - valid member,  Universität Leipzig , Liebigstr. 10-14 , Leipzig , 4103  / , telephone: 0341 9721 428  

Jens Rettig , GNS - valid member,  Universität des Saarlandes  , Homburg-Saar , 66421  / , telephone: 06841 16 2 6485 (Sekr.)  

Herbert Wiegand , GNS - valid member,  Heinrich-Heine-Universität Düsseldorf , Auf&amp;amp;amp;amp;amp;amp;amp;amp;#39;m Hennekamp 50 , Düsseldorf , 40225  / , telephone: 0211 338 9325  

Wolfgang Kiessling , GNS - valid member,  Arzt für Neurologie und Psychiatrie , Marktplatz 20/1 , Freudenstadt , 72250  / , telephone: 07441 820 36  

Rüdiger Klein , GNS - valid member , Am Klopferspitz 18 , Martinsried , 82152  / , telephone: +49 89 8578 3150  

Gernot Struckhoff , GNS - valid member , Bornsteiner Str. 3 , Neudorf-Bornstein , 24214  / , telephone: 04346 8820  

Rebecca Poetschke , GNS - valid member , Streiberstr. 4 , Halle , 6110  /   

Magdalena Schroedl , GNS - valid member,  Universität Regensburg , Universitätsstr. , Regensburg , 93051  /   

Anna-Lena Lumma , GNS - valid member , Nonnenpfad 8 , Osnabrück , 49074  / , telephone: 0152 088 69 382  

Reinhard Hilbig , GNS - valid member,  Universität Hohenheim , Garbenstr. 30 , Stuttgart , 70593  / , telephone: 0711 459 3349  

Heinz Nau , GNS - valid member,  Tierärztliche Hochschule Hannover , Bischofshohlerdamm 15 , Hannover , 30173  / , telephone: 0511 856 7600  

Brigitta Saul , GNS - valid member , Bhofwis 3 , Russikon , 8332 , Suisse / CH , telephone: 0041 1 954 3712  

Jan Hinnerk Rehders , GNS - valid member , Schäumannweg 34 , Hannover , 30659  /   

Mario Loehr , GNS - valid member , Löhrenstr. 1 , Dillenberg , 35685  / , telephone: 02771 32 04 80  

Roman Bauer , GNS - valid member,  Philipps-Universität Marburg , Renthof 7 , Marburg/L. , 35032  / , telephone: 06421 282 41 81  

Alexander Drakew , GNS - valid member,  Universität Freiburg , Hansastr. 9a , Freiburg , 79104  / , telephone: 0761 203 9518  

Faridduddin Qurbani , GNS - valid member , Ruiterstr. 48 , Ostfildern , 73760  / , telephone: 07158 4207  

Andreas Plagemann , GNS - valid member,  Campus Virchow-Klinikum, Klinik für Geburtsmedizin , Augustenburger Platz 1 , Berlin , 13353  / , telephone: 030 4505 240 41  

Sophia Koerdt , GNS - valid member , Wankheimer Tale 7 , Tübingen , 72072  /   

Uwe Dambacher , GNS - valid member , Hustadtring 151 , Bochum , 44801  /   

Erich Koletzki , GNS - valid member,  Malteser Krankenhaus St. Anna , Albertus-Magnus-Str. 33 , Duisburg , 47259  / , telephone: 0203 755 560  

Anika Bick-Sander , GNS - valid member  , Berlin , 10405  /   

Karl Albert Rudolphi , GNS - valid member,  SBU Herz Kreislauf , Geb. H 821 , Frankfurt/M. , 65926  /   

Dietrich Buesselberg , GNS - valid member,  Universität-GH Essen, Med. Fakultät, FB 14 , Hufelandstr. 55 , Essen , 45122  /   

Wolf Doleys , GNS - valid member , Adolf-Kolping-Str. 15 , Odenthal , 51519  / , telephone: 02202 97 95 33  

Jenny-Kathinka Krueger , GNS - valid member , Hildegardstr. 20G , Berlin , 10715  / , telephone: +49 177 77 50105  

Marika Kiessling , GNS - valid member,  Universität Heidelberg , Im Neuenheimer Feld 220 - 221 , Heidelberg , 69120  / , telephone: 06221 54 2603  

Roland Domann , GNS - valid member , Wilhelm-Heinrich-Weg 19 , Düsseldorf , 40231  / , telephone: 0211 219 498  

Karlheinz Reiners , GNS - valid member,  Universität Würzburg , Josef-Schneider-Str. 11 , Würzburg , 97080  / , telephone: 0931 201 5758  

Christina Sofia Konen , GNS - deleted member,  Universität Marburg , Renthof 7 , Marburg , 35032  /   

Günther Schwendemann , GNS - valid member,  Neurologische Klinik ZKH Bremen-Ost , Züricher Str. 40 , Bremen , 28323  / , telephone: 0421 408 1520  

Stephanie Sommer , GNS - valid member , Weinbergring 21 , Nieder Olm , 55268  /   

Wolfgang Abeln , GNS - valid member , Wesenstedt 7 , Ehrenburg , 27248  / , telephone: 04275 511  

Tatjana Tchumatchenko , GNS - valid member,  MPI für Dynamik und Selbstorganisation , Bunsenstr. 10 , Göttingen , 37073  / , telephone: +49 551 5176 550  

Peter Zimmermann , GNS - valid member , Bergwiesenstr. 15 , Meckenheim , 53340  / , telephone: 02225 15951  

Julia Dlugaiczyk , GNS - valid member , Waldstr. 1 , Erlangen , 91054  / , telephone: +49 9131 853 31 56  

Franz Huber , GNS - valid member , Watzmannstr.16 , Starnberg , 82319  / , telephone: 08151 156 30  

Stefan Kins , GNS - valid member,  ZMBH, Universität Heidelberg , Im Neuenheimer Feld 282 , Heidelberg , 69120  / , telephone: 06221 546 847  

Thomas Schanze , GNS - valid member , Wiesenstr. 14 , Giessen , 35390  / , telephone: +49 641 309 2639  

Georg Klinghardt , GNS - valid member , Merianstr. 23 , Kronberg/Ts. , 61476  / , telephone: 06173 2289  

Karl-Alexander Engelhardt , GNS - valid member,  Philipps Universität-Marburg , Gutenbergstr. 18 , Marburg , 35032  /   

Anke Post , GNS - valid member,  Novartis Pharma AG , Postfach , Basel , 4002 , SUISSE / CH   

Lisa Waberer , GNS - valid member,  Universität Frankfurt , Siesmayerstr. 70 , Frankfurt , 60323  /   

Thomas B. Picolin , GNS - valid member , Von-Ossietzky-Ring 55 , Essen , 45279  / , telephone: +49 (201) 806 85 872  

Karen Henning , GNS - valid member,  CharitÃ©-Universitätsmedizin Berlin , Intzestr. 20 , Berlin , 12277 , Germany / DE   

Edmund Lieke , GNS - valid member , OstpreuÃ?endamm 22 , Berlin , 12207  / , telephone: 030 773 54 08  

Florian Adam Siebzehnrübl , GNS - valid member , Ritzerstr. 10 , Erlangen , 91054  / , telephone: 09131 61 30 86  

G. Elisabeth Pollerberg , GNS - valid member,  Ruprecht-Karls-Universität Heidelberg , Im Neuenheimer Feld 232 , Heidelberg , 69120  / , telephone: 06221 546 370  

Gilbert Wunderlich , GNS - valid member,  Neurologisches Therapiecentrum , Turiner Str. 2 , Köln , 50668  / , telephone: 0211 912 71 80  

Helmut Wicht , GNS - valid member,  Universität Frankfurt , Theodor-Stern-Kai 7 , Frankfurt/M. , 60596  / , telephone: 069 630 15661  

Susann Szukalski , GNS - valid member , Seeburgstr. 14 - 20 , Leipzig , 4103  /   

Friederike Ebner , GNS - valid member , Charitéplatz 1 , Berlin , 10117  / , telephone: +49 30 450 52 83 45  

Oliver Zafiris , GNS - valid member     /   

Afshin Hasayn-Seresti , GNS - valid member , Goldsteinstr. 133 , Frankfurt , 60528 , Germany / DE , telephone: 069 677 1845  

H.-J. Freund , GNS - valid member,  Am Adels 11  , Ratingen , 40883  /   

Marco A. Delpiano , GNS - valid member,  Univ. de Valparaiso / Faculdad de Ciencias , Gran Bretana 1111 (Playa Aacha) , Valparaiso  , Chile / CL   

Lucia Laugwitz , GNS - valid member , Auenstr. 14 , München , 80469  / , telephone: +49 176 620 41227  

Christian Hoock , GNS - valid member , Talstr. 28 , Steinalben , 66851  / , telephone: 06333 635 67  

Mirjam Bunck , GNS - valid member,  MPI für Psychiatrie , Kraepelinstr. 2-10 , München , 80804  / , telephone: 089 306 22 447  

Philipp Schaefermeier , GNS - valid member , Kopenhagener Str. 41 , Berlin , 10437  / , telephone: +49 177 5555 877  

Gerhard Gross , GNS - valid member,  Abbott Gmbh&amp;amp;amp;amp;amp;amp;amp;amp;amp;Co. KG , Postfach 210805 , Ludwigshafen , 67008  / , telephone: 0621 589 1154  

Volker Tscharntke , GNS - valid member , Holm 22 , Kiel , 24107  /   

Susanne Wegener , GNS - valid member,  c/o Bayer AG , Aprather Weg , Wuppertal , 42096  / , telephone: 0241 569 1453  

Marina Hebenstreit , GNS - valid member , Lahnstr. 10 , Wiesbaden , 65195  / , telephone: 0611 400 841  

Peter Prior , GNS - valid member , Dammweg 4.1 , Heidelberg , 69123  / , telephone: 06221 700 685  

Benedikt Berninger , GNS - valid member,  Physiological Genomics , Schillerstr. 46 , München , 80336  / , telephone: +49 89 2180 75208  

Jens Seibel , GNS - valid member     / , telephone: 0160 915 55 421  

Pascal Malkemper , GNS - valid member , Gerrit-Engelke-Weg 6 , Hemer , 58675  /   

Norbert Dieringer , GNS - valid member,  Universität München , Pettenkofer Str. 12 , München , 80336  / , telephone: 089 5996 253  

Kathrin Haase , GNS - valid member , Kursstr. 68 , Brandenburg/Havel , 14776  / , telephone: 03381 890 775  

Andrea Bowe , GNS - valid member,  Medizin. Hochschule Hannover , Carl-Neuberg-Str. 1 , Hannover , 30625  / , telephone: +49 511 5328931  

Manfred Krug , GNS - valid member , Friebelstr. 11 , Dresden , 1219  /   

Peter Scheid , GNS - valid member , In der Russbreite 10 , Göttingen , 37077  /   

Klaus Waechtler , GNS - valid member , Dorfstr. 27 , Eutin , 23701  / , telephone: 04521 72 826  

Rainer Surges , GNS - valid member , Kartäuserstr. 118E , Freiburg , 79104  /   

Daniela Vogt Weisenhorn , GNS - valid member,  GSF - Forschungszentrum für Umwelt&amp;amp;amp;amp;amp;amp;amp;amp;amp;Gesundheit , PSF 1129 , Neuherberg , 85758  / , telephone: 089 3187 4110  

Dix Urs Meiberth , GNS - valid member , Denglerstr. 14  , 53173  / , telephone: +49 228 18010175  

Gesine Respondek , GNS - valid member , Hans-MeerweinstraÃ?e , Marburg , 35041  / , telephone: +49 6421 28666088  

Evrin Guenebahan , GNS - valid member , Am Sportplatz 1 , Eppelheim , 69214  /   

Robert Niebergall , GNS - valid member,  Deutsches Primatenzentrum , Kellnerweg 4 , Göttingen , 37077  / , telephone: 0551 3851 341  

Rafed Arne Jalali , GNS - valid member , Tieckstr. 7 , Berlin , 10115  / , telephone: 030 233 600 77  

Clemens Oliver Hanemann , GNS - valid member,  Universität Ulm , Oberer Eselsberg 45 , Ulm , 89081  / , telephone: 0731 500 214 38  

Ralf R. Dawirs , GNS - valid member,  Klinik und Poliklinik f. Psychiatrie&amp;amp;amp;amp;amp;amp;amp;amp;amp;Psychotherapie , Schwabachanlage 6+10 , Erlangen , 91054  / , telephone: 09131 85 3414 - 0  

Margarete Czardybon , GNS - valid member , Suitbertusstr. 74 , Düsseldorf , 40223  / , telephone: 0211 934 6333  

Wibke Bein , GNS - valid member , Felix-Jud-Ring 305 , Hamburg , 21035  / , telephone: 040 210 9861  

Carleen Maike Kluger , GNS - valid member,  LMU München , Grosshadener Str. 2 , Planegg-Martinisried , 82152 , Germany / DE , telephone: +49 89 2180 74815  

Marsha Bundman , GNS - valid member , Wartenbergstr. 15a , Osnabrück , 49082  /   

Andreas Baumgartner , GNS - valid member,  Klinikum Benjamin Franklin , Hindenburgdamm 30 , Berlin , 12200  / , telephone: 030 8445 2727  

Elisabeth Petrasch-Parwez , GNS - valid member,  Ruhr-Universität Bochum , Universitätsstr. 150 MA6 , Bochum , 44801  / , telephone: 0234 322 5008  

Ralf Heinrich , GNS - valid member , Berliner StraÃ?e 28 , Göttingen , 37073  / , telephone: 0551 39 5408  

Elisabeth Foeller , GNS - valid member,  Universität Frankfurt , PSF 11 19 32 , Frankfurt , 60054  /   

Gerhard Hager , GNS - valid member,  Aurigon Life Science GmbH , Bahnhofstr. 9 - 15 , Tutzing , 82327  /   

Dietrich van Calker , GNS - valid member , HauptstraÃ?e 5 , Freiburg/Brsg. , 79104  / , telephone: 0761 270 65-0  

Angelika Schaefer , GNS - valid member , Gohliser Str. 21 , Leipzig , 4155  /   

Christian Franke , GNS - valid member,  Praxis für Neurologie , Nikolaistr. 2 , München , 80802  /   

Nadine Hausenblas , GNS - valid member , Harkortstr. 9 , Frankfurt , 60386  / , telephone: 069 4089 3421  

Sebastian Jansen , GNS - valid member , Philippstr. 13, Haus 2 , Berlin , 10115  / , telephone: +49 30 2093 6105  

Franz J. Schneider , GNS - valid member , Marienhof , Grafschaft - Vhv. , 53501  / , telephone: +49 (02641) 4637  

Katrin Amunts , GNS - valid member,  Forschungszentrum Jülich GmbH  , Jülich , 52425  /   

Anne-Christine Schmid , GNS - valid member , Otfried-Müller-Str. 47 , Tübingen , 72076  / , telephone: +49 7071 29 87 707  

Michael Hamacher , GNS - valid member,  Ruhr-Universität Bochum , Universitätsstr. 150 , Bochum , 44780  /   

Claudia Distler , GNS - valid member,  Ruhr-Universität Bochum , Universitätsstr. 150, ND 7/31 , Bochum , 44780  / , telephone: 0234 322 4365  

Bart R.H. Geurten , GNS - valid member,  Universität Bielefeld , PSF 100131 , Bielefeld , 33501  / , telephone: +49 521 106 5737  

Joachim Froehlich , GNS - valid member , Hektorweg 17 , Magdeburg , 39118  /   

Cordula Zehm-Schmolke , GNS - valid member,  Rheinische Kliniken Bonn , Kaiser-Karl-Ring 20 , Bonn , 53111  / , telephone: 0228 5511  

Claudia Roehl , GNS - valid member,  Christian-Albrechts-Universität , Olshausenstr. 40 , Kiel , 24098  /   

Hans Meyer-Rienecker , GNS - valid member,  Universität Rostock , Postfach 10 08 88 , Rostock , 18055  / , telephone: 0381 494 9511  

Hans-Otto Carmesin , GNS - valid member , Hohenwedeler Weg 136 , Stade , 21682  /   

Frank Walter , GNS - valid member , Ziegelhütte 2 , Otterbach , 67731  / , telephone: 06301 4361  

Christina Engelhard , GNS - valid member,  Neurozentrum/ Stereotaktische Neurochirurgie , Breisacher Str. 64 , Freiburg , 79106  / , telephone: +49 761 270 5046  

Anton Wernig , GNS - valid member,  Universität Bonn , WilhelmstraÃ?e 31 , Bonn , 53111  / , telephone: 0228 287 2274  

Richard Meyermann , GNS - valid member,  Universität Tübingen , Calwer Str. 3 , Tübingen , 72074  / , telephone: 07071 298 2283  

Ulrich Baessler , GNS - valid member , Chamissostr. 16 , Stuttgart , 70193  / , telephone: 0711 654 164  

Verena Schuster , GNS - valid member , Löhwiese 1a , Nauroth , 57583  /   

Angela B. Clement , GNS - valid member,  Institut für Physiologische Chemie und Pathobiochemie , Duesbergweg 6 , Mainz , 55128  / , telephone: 06131 392 4552  

Peter Gass , GNS - valid member,  Zentralinstitut für Seelische Gesundheit  , Mannheim , 68159  / , telephone: 0621 170 3632  

Gerta Fleissner , GNS - valid member,  Universität Frankfurt , Siesmayerstr. 70 , Frankfurt/M. , 60054  / , telephone: 069 798 4833  

Sabine Westphal , GNS - valid member,  Universität Magdeburg , Leipziger Str. 44 , Magdeburg , 39120  / , telephone: 0391 67 36 40  

Oliver Schnaedelbach , GNS - valid member,  Trinity BayerTech GmbH , Lehbrinksweg 59 , Lemgo , 32657  /   

Michael Adelmann , GNS - valid member,  Krankenhaus Weilmünster , Weilstr. 10 , Weilmünster , 35789  / , telephone: 06472 60 524  

Sebastian Rose , GNS - valid member , Greulichstr. 39 , Berlin , 12277  / , telephone: +49 30 2201 975  

Silvana Zafirov , GNS - valid member , Hauptstr. 8 , Rudolfzell , 78315  /   

Heinrich Terlau , GNS - valid member,  MPI für Experimentelle Medizin , Hermann-Rein-Str. 3 , Göttingen , 37075  / , telephone: 0551 3899 642  

Joachim Schulz , GNS - valid member , Bauhofstr. 2 , Berlin , 10117  / , telephone: 030 204 4486  

Hans-Wilhelm Mueller , GNS - valid member , Leo-Statz-Str. 13 , Düsseldorf , 40474  / , telephone: 0211 811 8540  

Rita Gerardy-Schahn , GNS - valid member,  Medizinische Hochschule Hannover , Carl-Neuberg-Str. 1 , Hannover , 30625  / , telephone: 0511 5324 366  

Daniel Zeller , GNS - valid member , Dominikanerplatz 3B , Würzburg , 97070  / , telephone: 0931 580 76  

Lutz Jaencke , GNS - valid member , Mythenstr. 4 , Uster , 8610 , Switzerland / CH   

vsargsyan@neuroscience.am


siege@societe-neurosciences.fr


Jean-Charles Lamy , SN - valid member,  Groupe Hospitalier Pitié Salpétrière , 47 Bd de l`Hôpital , PARIS , 75651 , France / FR , telephone: 0142161101  

Jan A. Veenstra , SN - valid member , 7 Rue Bellevue , PESSAC , 33600 , France / FR   

Gabriel Micheletti , SN - valid member,  Hôpitaux Universitaires de Strasbourg , 1 Place de l`Hôpital , STRASBOURG , 67091 , France / FR , telephone: 0388521410  

Michel Divry , SN - valid member,  Faculté des Sciences-Univ. Nancy I , Bd des Aiguillettes - BP 239 , VANDOEUVRE LES NANCY , 54506 , France / FR   

Philippe Delay-Goyet , SN - valid member , 3 rue Georges Citerne , PARIS , 75015 , France / FR   

Jeanne-Marie Lefauconnier , SN - valid member,  Résidence de la Vallée , 22 rue Villa Flamande , BOURG LA REINE , 92340 , France / FR   

Maysa Sarhan , SN - valid member,  IPCB - Univ. Louis Pasteur , 21 Rue René Descartes , STRASBOURG , 67084 , France / FR , telephone: 0390241465  

osvaldas.ruksenas@gf.vu.lt


galik@saske.sk


office@bna.org.uk


Fiona Randall , BNA - valid member , Newcastle University , Newcastle Upon Tyne , NE2 4HH , GBR / GB   

Alan Cook , BNA - valid member , University of Southampton , Southampton , SO16 7PX , GBR / GB   

Meera Nandhabalan , BNA - valid member , Flat 92 , London , W14 ORY , GBR / GB   

Roderick Jackson , BNA - valid member , Royal London Hospital , London , E1 1BB , GBR / GB   

Paul Cuddon , BNA - valid member , The Babraham Institute , Cambridge , CB2 4AT , GBR / GB   

Denise Walker , BNA - valid member , University of Cambridge , Cambridge , CB2 0QH , GBR / GB   

Claude Palmer , BNA - valid member , 40 Hanbury Street , London , E1 5WQ , GBR / GB   

Susanan Santos , BNA - valid member , University of Pennsylvania , Philadelphia , 19104 , USA / US   

P McCarthy , BNA - valid member , Reckitt&amp;Colman , Hull , HU8 7DS , GBR / GB   

M Sipple , BNA - valid member , 135 Glebe Farm Road , Birmingham , B33 9NE , GBR / GB   

Joseph O`Neill , BNA - valid member , MRC , Oxford , OX1 3TH , GBR / GB   

Emma Weisblatt , BNA - valid member , 6 The Green , Bedfordshire , SG19 1PF , GBR / GB   

Simon Baker , BNA - valid member , 39 Park Crescent , Brighton , BN2 3HB , GBR / GB   

Elizabeth Scott , BNA - valid member , CBD , Salisbury , SP4 0JG , GBR / GB   

Phillipa Mitchell , BNA - valid member , University of Southampton , Southampton , SO16 7PX , GBR / GB   

Kim Ronnqvist , BNA - valid member , 40 Whitegate Drive , Kidderminster , DY11 6LQ , GBR / GB   

Joanne Clark , BNA - valid member , MRC Functional Genetics Unit , Oxford , OX11 0RD , GBR / GB   

Sarah Griffin , BNA - valid member , 5 Holbrook Road , Leicester , LE2 3LG , GBR / GB   

Becky Gittins , BNA - valid member , CDR Cognitive Drug Research , Goring on Thames , RG8 0EN , GBR / GB   

Steven Middleton , BNA - valid member , University of Leeds , Leeds , LS2 9NL , GBR / GB   

Charles Bar-Isaac , BNA - valid member , 65 Albion Street , London , W2 2LA , GBR / GB   

Kathryn Hilton , BNA - valid member , CNS Inflammation Group , Southampton , SO16 7PX , GBR / GB   

Peter Hastie , BNA - valid member , University of Bristol , Bristol , BS8 1TD , GBR / GB   

Christopher Woods , BNA - valid member , St James University Hospital , Leeds , LS7 9TF , GBR / GB   

Rozmin Halari , BNA - valid member , 36 Mafeking Avenue , Ilford , IG2 7AP , GBR / GB   

Chendong Pan , BNA - valid member , Department of Biological Sciences , Durham , DH1 3LE , GBR / GB   

Hannelore Pawelzik , BNA - valid member , University Tuebingen , Tuebingen , 72074 , DEU / DE   

J Hazelton , BNA - valid member , 4425 Westlawn Drive , Nashville , 37209 , USA / US   

Karlsson@ru.is


tiina.kukko-lukjanov@helsinki.fi

